,Gasage,CO2
0,805668.8684046668,207.28544010704545
1,805132.4423336205,202.2268391289192
2,804522.6746300211,204.86193803431442
3,804009.8706065303,207.49864546768262
4,803925.2843758516,202.92172318213744
5,803709.2524242424,202.64710592439062
6,802872.087424243,198.6572141815183
7,801236.0590909094,198.68361088983107
8,798681.2978787882,200.48945586551156
9,797378.8181818188,197.90878630711256
10,796852.590909091,198.79240364499174
11,795687.3181818175,204.61750641580798
12,795122.454545454,208.7893628439667
13,793852.7583333338,218.39264166858874
14,793519.3888888892,213.35775959891657
15,792617.3012121207,214.45035139887406
16,792030.783636363,224.68576227610308
17,791056.8827272729,230.55013467896873
18,790639.4051515154,227.37775029010015
19,789953.0090909094,235.48574308581584
20,789494.0409090909,238.64095357456617
21,788691.8715151517,257.0184549055622
22,788479.2399999999,257.19893666253785
23,787803.5690909092,265.99732874144445
24,787355.5127272734,269.3559592885488
25,786563.2569696968,264.34502908314164
26,786189.6018181813,262.229808343788
27,785519.0509090904,259.66462384723866
28,785034.0824242425,255.84554031289508
29,784261.7558787881,260.91815012089876
30,783198.5296969693,255.01817636257545
31,782728.4496969697,257.43630369580933
32,781886.6818181819,251.50919000069746
33,781562.8318181814,257.21033919112165
34,780719.4363636365,252.52125685420285
35,780188.9227272724,254.43210628699566
36,779367.5454545458,254.68956208931286
37,779057.9836363638,254.92704442683268
38,778232.7918181821,252.45553887568798
39,777681.7496969699,247.30321033010094
40,776782.6969696968,248.92347258064217
41,776332.2587878784,245.31805526765157
42,775538.0110606056,241.7410824819303
43,774958.808181818,238.38507756925242
44,774044.1363636358,239.23120240300534
45,773684.4690909092,237.7794476149145
46,773249.8181818182,246.03058180018394
47,772995.6363636361,243.85475201990903
48,772737.9595454549,246.49456803753532
49,772474.5636363636,243.88525238228885
50,772175.2645454548,239.7120056138232
51,771812.666666667,234.24054819146698
52,771519.3333333333,236.31890028889168
53,771020.6666666664,229.56423626852964
54,770599.1466666668,230.62690342109488
55,769651.4236363642,225.86635666622993
56,769061.3843939397,221.64093650394082
57,768117.2575757578,223.81796491327836
58,767747.1624242424,224.86466602091244
59,766808.9121212122,230.6229188352788
60,766188.504545454,232.11545547204435
61,765851.4848484849,229.40748753827657
62,765586.6363636359,233.66090567198847
63,765181.816565657,222.92608638468548
64,764676.8824242424,223.89295015434178
65,763770.5842424238,219.9481576823577
66,763101.8036363634,213.99980285899034
67,762166.0430303031,214.6940079861074
68,761864.4881818183,216.64080861985224
69,760939.9418181818,222.7085788690187
70,760516.0551515151,225.61582539678184
71,760108.2727272728,225.37366760867587
72,759878.2121212124,223.02365546155636
73,759561.8787878784,226.94301148021165
74,759135.6915151512,222.72008593220357
75,758362.4157575755,218.3519526756556
76,757785.4509090913,213.61139014973043
77,756850.6803030302,209.44507971285617
78,756566.1684848485,208.10367110123954
79,755586.8284848488,203.2996954570858
80,755114.5775757573,199.04605364141202
81,753934.6545454543,203.90279658442103
82,753489.0690909092,195.43388919380428
83,752565.8818181817,197.49572596202373
84,751973.8681818177,193.54717137122026
85,751036.2499999993,191.29603626015793
86,750706.4409090908,192.07592238803636
87,749814.1786666662,190.17483689562673
88,749262.9345454549,188.67887489361217
89,748336.8809090916,187.54375693792414
90,747940.1957575758,187.95228432826852
91,747177.0375757577,187.91988159174213
92,746619.9260606065,190.24154927677864
93,745671.0454545448,187.29232436787936
94,744523.1418181813,188.96881973948896
95,743959.0763636365,188.17959977716015
96,743062.1696969698,187.3271928405565
97,742644.7490909089,188.64664196412704
98,741874.1339393943,189.1426274551468
99,741329.9024242423,184.76708470912362
100,740460.9242424242,183.39253921478078
101,740106.4524848479,185.40236646163788
102,739174.5554545455,185.6096600660596
103,738580.9945454549,191.7441063146352
104,737660.1154545457,204.51910387695122
105,737269.8193939395,206.92018121563933
106,736522.2181818187,213.14402038614645
107,736107.3054545454,217.1944729687879
108,735409.909090909,217.88283774216444
109,735134.5709090909,214.6624205315424
110,734462.6199999998,216.1485998526368
111,734022.2299999999,210.60174265873587
112,733328.9999999995,207.72075200492253
113,732993.4999999999,208.1143039021245
114,732321.75,213.73187878271673
115,731860.9999999998,211.62321092369945
116,731184.2272727275,210.70237305797798
117,730908.3136363637,210.16351745201928
118,730260.314545455,212.17164661528162
119,729836.9384848482,210.0149974521128
120,728987.5303030305,211.0778130948141
121,728593.9021212123,210.24197486380825
122,727898.5024242426,210.06750978548357
123,726576.8636363636,211.42656926315465
124,726249.591818182,211.07599555762198
125,725474.4313636366,211.49197634968232
126,724975.3554545457,210.4806821716978
127,724141.9999999999,214.0125927948141
128,723780.2266666669,212.54540888381376
129,722994.5945454545,212.108071771009
130,722505.8105454544,216.09677010835378
131,721689.8636363633,218.956944794401
132,721407.5168181815,219.2003556861584
133,720590.7595454546,217.04269113163494
134,720087.2854545454,212.030518626341
135,719287.1818181823,200.8234844705578
136,718778.348484849,193.46090298257135
137,717955.4848484852,189.87843381686548
138,717348.2727272725,198.42559568024177
139,716585.909090909,210.50988746288758
140,716310.1630303029,213.59999290263295
141,715565.3763636363,227.5826981949172
142,715115.732727273,223.14262795384457
143,714403.7969696966,227.08319713303533
144,714065.578181818,227.63734055505353
145,713312.5,223.8856925917568
146,712243.7272727275,224.00174372112798
147,712021.4654545452,224.12344691621362
148,711399.0436363637,225.38896913374532
149,710983.3563636366,224.9017352890244
150,710456.4545454548,227.03282273035802
151,709909.5454545452,230.50735989141307
152,709453.7878787875,231.43297127712552
153,708959.1515151514,234.83616059567032
154,708413.4484848484,233.11228487432953
155,708199.6806060602,233.5834734270881
156,707643.7254545457,233.50528810247422
157,707310.6972727273,238.84806965208156
158,706710.7395454546,236.04534030139132
159,706492.9518181819,236.05369135840695
160,706053.1981818182,237.66123151682797
161,705726.9518181817,237.18468030646915
162,705243.9090909093,235.09172492612444
163,705053.3442424244,234.04269676194465
164,704581.8054545454,233.54448715907165
165,704250.5218181817,232.82958847745473
166,703796.0731818182,232.28052064575172
167,703468.5218181817,233.35390620979757
168,703009.9848484849,230.58782898361125
169,702734.2727272725,232.1824465330735
170,702200.9236363637,232.162121529527
171,701993.1490909093,230.88479116742866
172,701524.5236363634,232.4560078431405
173,701268.527272727,235.4215271002262
174,700814.8381818184,236.60700141533357
175,700485.0242424243,236.7173884297771
176,700103.6854545457,237.20611593740935
177,699864.7075757575,239.72641961823388
178,699439.0187878788,239.00952129629684
179,699215.7512121215,238.8636108455049
180,698753.2309090907,241.8320311598419
181,698505.5381818184,240.89904625193032
182,698039.0036363635,241.02991515817237
183,697746.6751515149,239.884743914407
184,697342.4521212119,238.41997928360914
185,697090.2909090907,239.4354918894625
186,696644.8345454544,238.13269799082363
187,696434.8896969694,238.0518499460627
188,695981.88,238.73723027829791
189,695732.3090909093,236.79873479326412
190,695259.2618181818,239.79653384828728
191,694949.1381818183,239.31113174299168
192,694536.8242424241,240.45669225384142
193,694280.3484848483,239.34063326328518
194,693821.2928787881,237.75600797769894
195,693574.0430303031,243.6995486644999
196,693077.0923636364,238.47330442832686
197,692832.4590909089,239.2983940505077
198,692318.3436363635,243.5623167259663
199,691967.9624242428,239.37873479610943
200,691467.6684848482,238.41599878810229
201,691221.8348484851,239.2879301088554
202,690736.391212121,236.4535724768809
203,690474.6527272727,235.8000553317824
204,689951.4515151515,232.26747586461005
205,689693.2575757576,232.0747771551575
206,689157.8254545457,230.66878933516546
207,688809.8703030302,227.6358560751815
208,688300.1345454548,227.65046207304692
209,688000.381818182,226.72892608676472
210,687445.4972727271,222.96501296914875
211,687154.044242424,222.7044405108711
212,686581.8109090904,222.61792578852743
213,686269.1090909089,220.6316642042182
214,685679.8654545456,220.62261407272987
215,685294.8436363635,221.82035466276145
216,684758.0590909088,224.3560776723839
217,684423.6818181815,225.64160209672895
218,683828.7524242424,222.6967127552533
219,683457.8634848485,220.23521867492758
220,682740.0857575755,219.1411841639893
221,682343.7121212126,221.30626385386472
222,681669.9266666665,227.89516025735253
223,681225.6733333332,225.80855816583323
224,680627.6078787883,233.1080061479115
225,680312.5848484847,233.61111358821643
226,679735.1745454543,232.70102424711226
227,679455.3739393939,229.16045804591084
228,678741.6193939392,220.08623711545596
229,678328.1818181815,218.20973466460342
230,677600.7363636363,216.59070226826563
231,677152.3090909093,219.96238463739664
232,676530.736363636,222.57485445876674
233,675406.5333333331,216.1224817958984
234,675028.3999999999,211.69145610328425
235,674229.3778787885,204.66974564632602
236,673696.1060606058,201.1220985980582
237,672761.3824242426,197.12915219406037
238,672150.8827272733,194.789560383579
239,671457.9260606061,196.8275423165405
240,671070.7454545456,194.87837297832084
241,670296.3187878784,191.5141318512642
242,669819.2987878791,187.6555369926176
243,668915.5375757578,180.6705433303129
244,668415.2636363631,177.7146610306198
245,667409.8573333337,173.71362014216885
246,666753.3600000001,174.76867941399888
247,665836.5212121212,180.53768178380184
248,665321.9393939392,180.16659707392193
249,664408.0909090904,187.76703230989094
250,664320.3999999997,192.55321359717547
251,663937.5151515151,191.02249326390395
252,662877.5500000003,190.86103041769672
253,662796.6094545458,193.90821704355406
254,662282.1772727269,189.69058418048212
255,661215.9000000005,191.59170346951032
256,661118.32,193.9700304568731
257,660463.5499999999,188.43427447380085
258,659411.8999999996,185.6837857761792
259,659293.8200000001,187.3800806732598
260,658764.0999999994,184.098136363561
261,657721.999999999,190.8769405532136
262,657654.2060606063,189.23340881737832
263,657181.0909090905,192.9341212467433
264,656132.6499999991,200.35242454933484
265,655524.3499999999,199.99595342018023
266,654438.65,194.81602929906575
267,653730.25,192.8691774329536
268,652708.9500000003,186.7937683040444
269,652104.2636363631,187.2748940558699
270,650947.0999999997,193.44315462070247
271,650348.4636363634,189.2501799432969
272,649191.0999999993,196.17149410495196
273,648612.4181818187,193.47659870780961
274,647254.8499999992,191.8480609628653
275,646376.9469696959,189.88548096825593
276,645150.6499999997,195.82042744328479
277,644300.8272727265,195.3061298127235
278,642856.65,191.5605717991007
279,642074.6045454537,191.38425695346518
280,640372.2499999993,190.1777336005101
281,639418.2651515146,188.8477364074226
282,637714.3666666652,195.33150117951013
283,636521.56060606,194.00258992033588
284,635009.0333333323,194.85936588137295
285,634881.1448484845,195.94989153226658
286,634077.5378787883,193.09789993536265
287,632356.9409090906,196.49917279673912
288,631526.322727272,200.45706932834122
289,629866.1000000006,200.77734554085592
290,629769.852727273,205.26582182975858
291,629139.6181818179,199.52416462021898
292,627830.0999999994,205.76310728563763
293,626969.4272727271,215.70968264504967
294,626047.499999999,228.51222535135372
295,625397.9242424238,235.02330647237795
296,624496.9499999993,237.92850701362374
297,623054.95,239.19230883467588
298,622950.732727273,243.88545246756433
299,621651.4500000002,243.53068358638558
300,620283.7499999999,245.88658787248076
301,618953.7499999994,248.28893339724928
302,617609.5681818179,252.63944486217684
303,616356.5999999999,252.729800513971
304,616299.1163636366,252.8982584181087
305,615140.6,252.74797477389262
306,613942.7999999997,256.193578648728
307,612761.9666666661,258.13797445364014
308,611600.6333333328,259.6847091794925
309,611551.0127272727,257.8151013837554
310,610429.5000000001,257.74486774223317
311,609247.3000000004,259.22379791893974
312,607979.2999999997,254.57832546938147
313,606625.9090909091,248.4801850050678
314,605303.1499999992,244.53225161700482
315,603949.15,239.14012591458967
316,602600.7500000002,237.8582812314746
317,601255.1499999998,232.45478922791705
318,599814.6318181817,229.38148051861887
319,599218.2181818187,225.97166266475014
320,598329.7499999994,219.02228033882918
321,597803.6136363635,216.27309709713364
322,596791.1333333332,216.4410115698623
323,596221.5575757573,221.21724287329997
324,595436.4666666667,232.91795566697328
325,594863.8121212114,237.97721461986356
326,594046.754545454,238.1475936125431
327,593561.2454545454,233.1632188953882
328,592785.516666666,229.38667009211042
329,592383.4712121211,225.67880356583396
330,591019.4666666666,237.37751240309967
331,590488.8000000002,243.5553025827732
332,590040.145454545,248.10464236577934
333,589425.3500000003,250.20456464222792
334,588940.9045454541,246.34602904387208
335,588279.3499999996,238.78411585346242
336,587888.6681818177,234.40092907192803
337,587171.8499999993,225.9929310765137
338,586720.8424242425,223.95763277250387
339,583958.8000000002,210.63901783350494
340,583574.2545454543,206.68125254107684
341,582836.2999999999,209.88341782048894
342,582454.5272727271,215.44586651227405
343,581928.2999999996,219.41265806017452
344,581546.5272727276,225.2070402346668
345,581118.6499999997,230.2553890769855
346,580814.0045454544,236.17021956160747
347,580401.7833333332,243.8071398156684
348,580210.5045454543,244.13978325747763
349,579833.1166666667,251.47302309267096
350,579280.5499999998,252.92340485161623
351,578742.3499999997,249.0568689785398
352,578196.3499999997,251.0792763522184
353,577653.8500000001,251.34172534675196
354,577115.1000000001,251.2965766771463
355,576599.0999999999,252.8973536409592
356,576112.8499999997,252.543697553062
357,575654.5333333331,248.8639219697805
358,575233.9636363636,252.08002667419618
359,574806.0000000001,251.86150476654132
360,574364.6545454544,251.7666008144979
361,573913.0166666665,248.72078039844754
362,573475.7499999998,249.18618138857704
363,573053.5166666666,247.65697248974385
364,572669.8727272728,246.30955184938028
365,572315.4999999999,250.3009961681342
366,571974.6909090908,251.6
367,571633.3575757575,249.6
368,571261.4424242425,251.8
369,570862.1272727273,251.8
370,570463.4606060607,251.3
371,570067.2484848484,250.0
372,569683.9272727272,251.3
373,569314.5939393939,250.2
374,568930.1454545455,253.0
375,568534.2363636364,252.8
376,568204.1393939394,253.9
377,567884.8909090909,253.2
378,567548.6545454545,254.5
379,567239.4909090908,253.9
380,566918.3515151516,254.3
381,566588.6363636364,253.7
382,566245.303030303,251.4
383,565895.6424242425,252.6
384,565538.9636363637,252.4
385,565134.296969697,251.4
386,564724.3575757574,247.6
387,564310.5636363636,245.8
388,563927.896969697,245.7
389,563535.7393939394,242.3
390,563134.8545454546,240.1
391,562655.6000000001,234.1
392,562310.4909090908,234.6
393,561888.0727272726,231.9
394,561450.7393939394,231.6
395,560965.6000000001,228.3
396,560436.618181818,230.3
397,559872.6181818182,230.2
398,559636.7636363636,229.7
399,559316.0060606062,234.5
400,558777.6909090909,238.1
401,558306.0181818182,240.4
402,558154.5636363635,245.6
403,557838.206060606,250.5
404,557657.1393939393,244.0
405,557385.0545454546,249.1
406,557198.6545454545,243.0
407,556923.2909090909,241.0
408,556407.0242424243,233.9
409,555842.3454545456,226.7
410,555158.3454545455,224.3
411,554479.6181818182,223.6
412,553808.6545454544,220.3
413,553619.3939393939,222.1
414,553245.9878787878,226.3
415,553020.9212121211,222.3
416,552681.5636363637,221.7
417,552111.0909090908,219.9
418,551381.0909090908,215.2
419,550582.5454545455,213.6
420,550230.7272727275,208.8
421,549720.1090909094,202.5
422,548770.7757575759,204.6
423,547806.6787878785,209.7
424,546830.1454545453,209.6
425,545864.9090909091,210.3
426,544885.987878788,208.1
427,543844.872727273,203.6
428,542740.206060606,205.0
429,541653.8181818181,211.2
430,540583.818181818,212.9
431,539513.8181818181,206.4
432,538440.7636363636,205.0
433,537334.4727272725,199.4
434,536178.4727272727,199.8
435,535695.0545454544,190.5
436,535043.5636363637,193.8
437,534668.181818182,195.1
438,533932.2363636366,200.0
439,533554.3696969697,204.4
440,532987.5696969698,211.4
441,532592.5272727272,214.5
442,532078.7575757573,220.7
443,531201.3818181816,220.3
444,530290.5090909093,221.2
445,529403.4303030304,222.7
446,528516.6909090912,224.7
447,527698.6909090909,227.8
448,526895.806060606,230.3
449,526106.9999999999,233.7
450,525337.0,235.8
451,524570.8666666667,236.8
452,523801.8242424243,241.9
453,521574.4727272729,243.5
454,520821.80606060615,245.5
455,520073.3575757573,247.7
456,519329.12727272714,245.3
457,518600.4606060606,245.5
458,517876.0121212122,246.2
459,517154.981818182,247.2
460,516420.9818181818,243.0
461,515650.7757575757,241.5
462,514847.7818181817,239.2
463,514033.1151515151,238.2
464,513204.7393939395,242.0
465,512363.7818181817,235.2
466,511512.4484848484,236.4
467,510652.3272727273,233.4
468,509784.981818182,240.3
469,508940.98181818187,237.0
470,508117.72121212096,238.2
471,507312.39999999985,236.0
472,506483.7333333333,235.5
473,505684.2424242425,233.9
474,504911.781818182,234.1
475,504177.187878788,232.2
476,503418.92727272736,232.0
477,502637.63636363624,231.2
478,501861.424242424,230.8
479,501083.96363636357,228.2
480,500304.7818181817,230.8
481,499526.7818181818,230.6
482,498737.41818181844,232.8
483,497965.97575757577,236.5
484,497187.63030303037,236.4
485,496444.0666666664,237.6
486,495725.6909090908,238.5
487,495024.1272727274,238.3
488,494300.39393939386,239.1
489,493593.10909090925,239.7
490,492863.7757575757,243.7
491,492154.5454545456,246.7
492,491451.0787878788,243.3
493,490733.9515151515,242.6
494,490494.9090909091,249.3
495,490026.29090909084,252.8
496,489719.793939394,240.9
497,489302.09090909077,242.0
498,488565.45454545465,237.1
499,487848.0666666667,231.3
500,487129.2545454547,232.9
501,486398.6727272727,233.0
502,485667.5212121211,231.2
503,484936.1818181817,231.4
504,484179.787878788,231.4
505,483395.3818181817,227.3
506,482580.96363636386,223.4
507,481662.9636363636,223.8
508,480726.6848484848,218.8
509,480328.2969696968,220.8
510,479775.69090909074,231.3
511,479402.95151515136,236.5
512,478892.4606060604,239.1
513,477941.0000000001,236.6
514,476949.7999999998,232.8
515,475925.2000000002,233.1
516,474974.10909090936,241.2
517,474092.3636363638,245.6
518,473800.8484848487,243.9
519,473217.81818181806,243.7
520,472863.2727272727,232.7
521,472263.06666666636,229.2
522,471824.53333333344,218.7
523,471200.793939394,215.5
524,470725.97575757554,206.5
525,470040.1272727275,205.5
526,468877.7090909092,203.4
527,467706.64242424245,204.4
528,466632.29696969694,208.1
529,465601.72727272724,210.0
530,465265.3636363636,205.2
531,464599.47272727254,199.9
532,463526.6484848482,194.4
533,462414.10303030314,190.7
534,461286.06060606067,195.5
535,460252.2121212121,202.4
536,459211.5515151518,208.3
537,458794.00606060616,203.3
538,458208.2909090909,204.3
539,457745.1272727274,199.1
540,457114.43636363646,192.5
541,456001.6121212118,193.3
542,454864.3090909089,198.4
543,453775.6424242424,201.9
544,452735.8363636365,204.9
545,451747.2787878788,201.2
546,450642.8909090911,201.7
547,449571.03636363655,208.1
548,448459.1818181816,203.5
549,447219.18181818177,201.1
550,445331.72727272735,199.1
551,443844.6484848488,202.0
552,442230.775757576,201.3
553,440659.5818181819,201.7
554,439063.418181818,200.3
555,437485.4181818178,207.5
556,435939.69090909103,209.8
557,434379.07272727275,207.6
558,433850.2969696969,211.5
559,432179.3090909094,227.2
560,431023.76363636367,219.7
561,429178.3636363638,242.5
562,428840.2000000002,248.2
563,427941.39999999985,252.1
564,427154.96363636357,255.3
565,426621.5636363636,265.4
566,426237.27272727276,270.0
567,425740.9090909091,270.8
568,425132.26060606056,268.3
569,424507.74545454566,267.7
570,423225.496969697,270.6
571,422532.6545454545,266.4
572,421912.14545454545,268.6
573,420701.76363636355,273.8
574,420133.7636363636,271.2
575,419575.7818181819,273.7
576,418505.3030303029,274.6
577,417956.7818181817,271.8
578,417440.4424242424,273.4
579,416425.3151515151,271.7
580,415945.6060606061,276.4
581,415179.59393939405,271.6
582,414210.8606060605,264.9
583,413258.65454545454,274.9
584,411347.96969696967,283.5
585,410453.8,282.6
586,409598.2363636363,274.7
587,408818.7151515152,284.5
588,407282.4969696969,285.6
589,406542.80000000005,279.6
590,405062.63030303025,280.5
591,404313.296969697,276.5
592,402859.8363636364,275.7
593,402140.91515151504,283.1
594,400710.08484848496,283.2
595,399926.1636363636,277.1
596,398275.1272727272,276.3
597,394906.1030303031,260.7
598,394003.6909090909,273.6
599,392977.15151515143,259.5
600,392287.24999999994,258.1
601,389410.20500000013,245.8
602,387824.8150000001,246.8
603,386283.71000000014,239.1
604,384557.4450000001,240.0
605,382931.4849999999,227.0
606,378760.2400000001,229.6
607,377034.8800000001,224.6
608,375204.59999999986,214.7
609,373457.61500000005,199.9
610,371385.8700000001,201.9
611,368065.9,206.3
612,365190.23000000016,201.2
613,362567.6,185.8
614,360683.84000000014,186.1
615,359010.3800000001,193.0
616,355817.7699999999,209.2
617,354412.9750000001,209.4
618,353174.595,216.2
619,351676.3450000001,221.1
620,349139.0850000001,220.3
621,347544.8050000001,211.9
622,346320.90499999997,204.8
623,345000.8500000001,205.2
624,343923.5850000001,200.7
625,342791.56000000006,250.1
626,340735.0800000001,234.2
627,339983.8900000001,239.6
628,338991.43500000006,241.9
629,338213.50000000006,255.7
630,337516.67000000004,270.5
631,336867.81999999995,278.6
632,336377.54,285.8
633,335707.51000000007,278.1
634,335102.30500000005,298.6
635,334543.885,288.4
636,334349.49500000005,289.1
637,333997.55500000005,282.4
638,333500.08999999997,273.1
639,332798.62000000005,272.6
640,332144.11500000005,271.7
641,331293.55000000005,265.0
642,330053.32500000007,275.1
643,329414.29,271.9
644,328770.75000000006,270.1
645,328086.81000000006,266.1
646,327435.83499999996,264.0
647,326591.0900000001,266.2
648,325823.0,260.5
649,325007.4050000001,260.3
650,324166.915,260.4
651,323383.34500000003,257.2
652,321817.44500000007,249.2
653,320916.3350000001,255.8
654,319829.6600000001,233.4
655,318852.59500000003,245.2
656,317932.54500000004,251.6
657,317149.87000000005,272.6
658,316450.72,246.8
659,315657.5150000001,257.1
660,314836.2100000001,256.7
661,314051.85000000003,251.6
662,313343.12500000006,241.9
663,312593.43000000005,239.0
664,311670.02499999997,237.8
665,310776.1000000001,233.2
666,310010.975,226.2
667,309423.73,227.8
668,308325.70000000007,225.8
669,307463.2650000001,244.8
670,306581.11500000005,248.6
671,305778.1500000001,250.2
672,305099.81000000006,240.7
673,304100.92000000004,240.2
674,303116.00000000006,236.0
675,302084.19000000006,239.0
676,301025.61500000005,236.1
677,300115.86500000005,231.0
678,299376.28,224.4
679,298704.61500000005,217.1
680,296828.86500000005,213.1
681,295364.225,212.7
682,294455.29000000004,206.7
683,293650.74000000005,206.0
684,292818.31000000006,207.6
685,291562.87000000005,217.1
686,290863.79000000004,220.4
687,290184.5,234.9
688,288286.42500000005,231.0
689,287820.05000000005,230.4
690,287443.86,231.4
691,286609.9550000001,226.4
692,285931.32000000007,228.0
693,284434.68000000005,231.3
694,282592.88999999996,223.7
695,281400.74000000005,215.3
696,280558.95,211.0
697,279619.0450000001,204.5
698,278590.9050000001,202.2
699,277443.0000000001,193.2
700,276257.7150000001,198.4
701,275154.63500000007,194.1
702,274164.07500000007,193.9
703,273165.8300000001,190.4
704,272149.6400000001,184.7
705,271036.0350000001,198.8
706,269940.47000000003,194.2
707,268995.5,187.2
708,268257.83,188.7
709,267007.0,211.7
710,266134.45000000007,199.9
711,264583.76000000007,228.1
712,262817.0950000001,214.6
713,262054.57500000004,208.9
714,261293.92000000004,205.7
715,260894.24000000005,209.6
716,259396.89500000005,203.9
717,257908.06500000006,204.0
718,257060.58500000005,201.9
719,256298.65999999997,199.0
720,254587.10500000007,195.4
721,253756.68000000005,196.7
722,252953.72000000006,195.4
723,252132.25500000003,213.9
724,251390.57000000004,200.2
725,249099.87000000005,214.7
726,246870.48500000004,219.4
727,246188.81000000006,230.4
728,245564.0,236.7
729,245057.01000000004,249.9
730,244582.33500000002,252.3
731,244121.765,263.7
732,243138.52,280.2
733,242685.46000000002,279.0
734,241855.39999999997,263.2
735,241333.045,259.7
736,240190.36500000002,252.8
737,239738.66,247.4
738,239387.03500000003,245.8
739,239008.26,245.6
740,238425.33500000002,239.1
741,237905.53000000003,243.1
742,237391.655,247.4
743,236850.8,241.4
744,236426.005,252.1
745,235990.855,245.2
746,232856.06,241.6
747,232191.76999999996,233.9
748,231129.66,232.4
749,229572.04500000004,224.5
750,228766.99000000002,233.1
751,228439.41499999998,234.5
752,227719.97500000003,235.5
753,226849.83500000002,215.7
754,226259.82500000004,203.3
755,224271.50500000003,205.6
756,223129.03499999997,208.8
757,222539.57500000004,207.1
758,221697.45999999996,216.1
759,220935.61500000002,214.1
760,219067.605,240.5
761,218200.78499999997,245.3
762,217694.96000000002,251.1
763,217415.63499999998,251.7
764,216864.96499999997,247.5
765,216306.15,242.6
766,215912.33999999997,240.3
767,215080.74499999997,241.4
768,214158.81,251.2
769,213330.35,243.4
770,212533.075,257.4
771,212078.745,239.5
772,211577.835,246.9
773,211058.465,252.0
774,210832.06500000003,247.2
775,210175.17,243.9
776,209966.085,244.6
777,209445.04,242.2
778,209082.25499999998,240.5
779,208821.56999999998,230.0
780,208274.52500000002,237.2
781,208108.775,238.1
782,207622.89,231.4
783,207240.3,229.4
784,206896.84999999998,226.3
785,206359.93499999997,228.6
786,205944.575,232.2
787,205575.75499999998,231.9
788,205203.27500000002,244.4
789,203842.0,247.6
790,202744.5,239.1
791,201752.0,250.9
792,198938.0,242.6
793,198327.45,241.2
794,197587.35000000003,226.4
795,195799.5,220.0
796,195126.50000000003,226.5
797,193074.5,218.0
798,191964.075,220.3
799,191254.5,231.4
800,189806.5,231.3
801,188437.0,210.7
802,186411.0,203.4
803,184371.0,199.7
804,183257.99999999997,198.1
805,182196.0,217.7
806,181302.0,213.2
807,179873.0,207.7
808,177729.5,190.1
809,177533.92500000002,189.4
810,176853.0,190.3
811,175833.35,196.0
812,174442.0,197.7
813,171939.0,197.8
814,169514.40000000002,196.6
815,168745.5,183.8
816,167914.1,186.7
817,166784.00000000003,190.1
818,166143.0,191.6
819,164334.65000000002,196.5
820,163858.0,204.3
821,160154.99999999997,187.5
822,159716.0,185.5
823,158666.0,189.0
824,156306.8181818182,189.38
825,154889.1272727273,196.3
826,153774.6575757576,198.78
827,151444.85454545452,202.35
828,150594.8848484849,202.51
829,149466.14545454548,201.78
830,148233.46545454545,195.81
831,146108.24363636365,193.59
832,144799.59090909088,196.02
833,143651.30000000002,194.59
834,142360.5618181818,196.51
835,139949.96969696967,192.75
836,138834.296969697,198.55
837,137763.42424242423,199.18
838,136565.54545454544,203.74
839,134522.2787878788,212.43
840,133775.80606060606,222.74
841,132931.95757575758,224.63
842,132709.87878787878,228.0
843,131976.24242424243,232.28
844,131322.19999999998,241.13
845,130818.36363636363,250.84
846,130373.0303030303,251.84
847,129655.63636363637,260.61
848,129078.03636363636,268.44
849,128878.0,271.08
850,128466.72727272726,285.76
851,128172.66666666667,280.72
852,128024.47636363636,276.03
853,127503.5496969697,276.88
854,127313.8303030303,275.78
855,126962.0303030303,274.93
856,126699.90909090909,273.02
857,126013.70303030303,275.15
858,125292.63333333335,276.81
859,124817.45454545454,275.52
860,124404.51515151515,281.54
861,123959.48484848485,275.87
862,123630.90909090909,274.6
863,123013.95454545454,279.16
864,122292.36363636363,279.0
865,122100.00181818182,278.25
866,121841.9696969697,276.61
867,121426.01515151517,279.48
868,120542.90909090909,276.82
869,120144.12121212122,268.73
870,119715.5,274.59
871,119242.51515151515,267.74
872,118658.26969696968,277.72
873,117619.36363636363,274.98
874,117185.55454545454,274.03
875,116475.57575757576,273.63
876,115908.57575757576,273.16
877,115446.67272727273,276.96
878,114815.39393939394,275.07
879,114250.0,267.9
880,113678.63636363635,260.58
881,113119.2696969697,264.75
882,112941.72727272728,263.12
883,112636.06060606062,256.79
884,111876.80000000002,257.93
885,110555.36363636363,246.69
886,109839.9696969697,244.13
887,109129.41818181818,244.44
888,108401.90909090909,236.43
889,106974.81818181818,240.34
890,106368.25454545455,244.83
891,106256.37575757576,241.4
892,105989.87272727274,257.58
893,105507.14848484848,248.78
894,104966.44545454546,242.36
895,104331.2290909091,238.88
896,104274.33333333334,247.76162928794554
897,103308.74000000002,240.68407213384208
898,102764.77666666664,237.07327561500702
899,101971.88500000001,240.0715355271941
900,101325.67500000002,244.762424566832
901,100543.17833333334,247.872113110669
902,100076.84966666665,245.62557787811392
903,99361.42233333335,242.98971287919505
904,98583.72399999999,243.17988778616598
905,97927.46450000002,239.85849997327506
906,97270.89099999999,242.35406601147713
907,96474.88033333335,245.7647295013877
908,95921.48316666664,246.19646528867355
909,95234.11400000002,242.91411717720837
910,94568.54833333331,242.40636016295775
911,93823.21366666668,238.20709532731436
912,93424.7096,235.1600042216258
913,92667.81750000002,232.45568865935815
914,91949.738,233.74184029367558
915,91445.03066666667,231.12075636405777
916,90834.015,231.55865048827815
917,90317.29400000001,229.73738145870655
918,89696.25753333332,228.87834564758057
919,89244.71600000001,227.3783735355835
920,88701.04959999997,223.98941409211108
921,88136.18,217.8009629500103
922,87581.18,223.62974404078184
923,87027.63600000001,221.05561058442584
924,86498.32453333335,223.37741662402166
925,85890.6938333333,228.7630419503089
926,85367.46933333334,234.68610329976863
927,84936.76899999997,238.42310352799862
928,84357.43850000002,243.16072770547603
929,83940.89999999997,250.78745315401204
930,83554.11216666667,247.1003682352176
931,82988.26099999998,246.32246412221588
932,82526.7192,240.87295493897983
933,82068.79049999997,238.88896579028287
934,81711.43100000001,234.13416436720672
935,81206.94249999998,230.32953997112173
936,80721.78550000001,233.92301778529907
937,80330.36249999997,230.60058478694174
938,79877.75800000002,234.74268285165846
939,79410.36299999998,229.25533496544978
940,78969.54013333334,227.2993454606292
941,78507.94999999998,224.1427524434798
942,78080.753,226.64717080896844
943,77615.91499999998,224.91795384960736
944,77056.4805,231.68344444807624
945,76696.73599999998,238.01317290414426
946,76247.47216666667,239.34140543854346
947,75850.65049999999,249.93957236494836
948,75545.13366666668,249.52367746086176
949,75067.95149999997,243.27000593612678
950,74525.645,241.2403946279206
951,74221.48233333335,231.3339802376306
952,73750.95566666668,232.73507960739272
953,73219.31633333334,230.89095840633553
954,72866.04366666666,232.33476105332247
955,72490.14999999998,232.79086554237838
956,72092.81486666668,239.45635365708617
957,71693.65023333335,237.5634446299485
958,71279.16903333334,235.01577011604033
959,70928.87216666664,225.17215906542418
960,70427.26266666668,220.32661122546068
961,70052.1648,215.55081317503786
962,69592.01713333334,211.2583877926514
963,69081.5285,205.42035908699594
964,68619.99346666667,203.42547248921588
965,68146.18849999999,200.17043811242027
966,67729.6785,203.758804582249
967,67314.5875,201.14189964947187
968,66959.71066666667,207.20522458616006
969,66439.3055,204.3859977224767
970,65937.23266666668,200.59108353507256
971,65764.51269999999,198.17360428453378
972,65546.44649999999,208.9757824141881
973,65046.72066666667,199.17080568979725
974,64867.4226,201.67027938028278
975,64657.29413333334,203.69546669849038
976,64113.77896666667,199.7280299125443
977,63896.87993333334,197.24236643525396
978,63555.792666666675,197.40343593339372
979,62960.89566666668,200.14813320360096
980,62774.57333333335,202.7086782342372
981,62552.00602222222,202.5567478249938
982,61900.7233,206.3768851547348
983,61554.1108,210.90340290966515
984,61234.84403333334,210.56770709704924
985,61060.877466666665,207.954258455404
986,60817.61723333333,213.77895408048403
987,60516.6315,217.25313232793502
988,60373.05923333333,212.87091028761074
989,60109.88306666667,216.66068075629482
990,59733.46935,223.45481611599993
991,59380.40500000001,226.35329184425117
992,59105.06914999999,231.29357613421678
993,58433.319999999985,223.14855036746204
994,58217.01230000002,224.35339767076476
995,57843.72470000001,223.71829246142204
996,57476.264999999985,217.37632438255054
997,57210.94264999999,215.69652704379405
998,56503.58249999998,212.4366913146648
999,56237.12940000001,207.67411308560085
1000,55909.53739999998,210.2748744860088
1001,55553.13,214.7766439566713
1002,55293.459149999995,208.19350573591464
1003,55014.48765000002,216.8579026931373
1004,54694.61249999999,213.88701388029443
1005,54387.125000000015,217.95673832028174
1006,54156.60319999998,220.3743647767866
1007,53806.25204999999,221.13790909272413
1008,53400.45315000001,223.261990272584
1009,53108.25250000001,223.71721395019227
1010,52800.742500000015,221.1479059817251
1011,52573.676,220.7236106732058
1012,52384.780900000005,219.08254103386616
1013,52086.81984999999,213.81781717736385
1014,51779.530000000006,215.07712976760632
1015,51431.446599999996,211.57084710504336
1016,51029.17010000002,207.63643592103043
1017,50527.41474999999,207.40999031146947
1018,50220.546899999994,206.74402693868802
1019,50006.51000000001,204.37676012041777
1020,49728.31500000001,203.8713291389937
1021,49462.655249999996,204.05803785391646
1022,49302.98039999999,200.12004323663527
1023,48987.952649999985,201.57862918592315
1024,48427.859999999986,200.97514386943084
1025,48223.18175000001,206.18208295015899
1026,47943.751099999994,205.65965094423697
1027,47710.390000000014,203.7878948817506
1028,47524.35689999999,204.25993514002081
1029,47314.97619999998,207.5966069009341
1030,47086.27499999999,210.2720270577908
1031,46887.935000000005,210.83763232817873
1032,46746.4378,214.18284619947886
1033,46635.901999999995,216.41663219437746
1034,46308.5475,218.34888238109227
1035,46181.255,219.24687294689662
1036,46057.33380000001,221.7721744693644
1037,45877.10855000001,222.71746789063323
1038,45696.05500000001,217.51186974587569
1039,45460.322400000005,214.5013713408328
1040,45280.38750000001,213.9182293789752
1041,45142.015,207.9533487146811
1042,44996.156999999985,211.4870756888481
1043,44816.0105,210.4383494018988
1044,44655.53499999998,212.28537276723182
1045,44490.50250000001,204.82615482707928
1046,44350.46499999999,206.22156348649375
1047,44204.44639999999,201.99679013111552
1048,44095.19614999999,204.30591912829976
1049,43809.01,201.68967291161366
1050,43661.157549999996,203.18091908152513
1051,43515.82055000001,204.2219503591491
1052,43350.662500000006,201.66462398159248
1053,43171.885,203.16207190191966
1054,42968.078199999996,204.26047843855292
1055,42849.867,206.35415471090323
1056,42628.3001,204.82674347655342
1057,42315.817500000005,200.8960917386434
1058,41900.68680000001,199.89056576724948
1059,41759.207500000004,201.12434903906262
1060,41605.9736,205.49006636725477
1061,41303.5942,204.18539759772148
1062,41167.90404000001,201.53203042679758
1063,40907.388600000006,200.96619797440226
1064,40754.3,200.46615960740988
1065,40553.43999999997,201.48445246633034
1066,40485.94648,201.32268604261674
1067,40308.4,197.90454896091208
1068,40145.3,193.690311850125
1069,40112.1,193.08131430805
1070,40042.7,192.59565555449998
1071,39900.5,197.55250733926664
1072,39884.99999999999,193.873098888
1073,39757.100000000006,193.581354240625
1074,39709.2,196.6742707386
1075,39621.00000000001,195.70159247466665
1076,39515.399999999994,200.402973875925
1077,39454.4,198.138503631
1078,39402.9,191.53156337775
1079,39379.4,204.77737582487998
1080,39339.8,207.868080375675
1081,39319.9,209.326456305
1082,39303.200000000004,209.495641888
1083,39265.7,208.685091262475
1084,39120.50000000001,207.32358522299998
1085,39053.6,204.28298891580002
1086,38976.8,202.3448524395
1087,38955.6,205.98808959113333
1088,38874.700000000004,205.650989878
1089,38812.6,206.085787558
1090,38723.399999999994,206.543994036
1091,38670.8,204.455553872625
1092,38621.8,204.79190564040002
1093,38573.6,208.23327262075
1094,38533.2,210.07869060075
1095,38472.9,207.2301825856
1096,38412.8,210.7947524055
1097,38359.2,207.99977968
1098,38284.200000000004,207.41115700100002
1099,38192.399999999994,206.5229252229
1100,38165.59999999999,208.335059710425
1101,38088.5,214.36039257750002
1102,38000.3,211.213425214
1103,37895.0,214.2064208262
1104,37777.2,212.09241359079002
1105,37647.5,212.135905967
1106,37618.600000000006,214.29589900083332
1107,37461.299999999996,209.83667782650002
1108,37431.0,212.50552869749998
1109,37338.1,206.586570978
1110,37302.0,209.65639176
1111,37296.5,208.25190909
1112,37143.200000000004,207.34584681975
1113,37118.600000000006,210.157174784
1114,37023.4,206.3568576216
1115,36939.8,203.514345808
1116,36820.2,202.76033458287498
1117,36712.799999999996,203.7543230524
1118,36669.6,203.76951759
1119,36591.8,205.10239260525
1120,36506.3,198.9617645275
1121,36261.799999999996,200.09164615275
1122,36173.100000000006,201.7797825328
1123,36086.5,204.123014498
1124,35948.3,198.799944457875
1125,35854.6,203.28865874520002
1126,35701.600000000006,200.5019756069
1127,35672.50000000001,201.81310262977502
1128,35567.99999999999,201.8276293501
1129,35530.7,201.88660042935
1130,35508.5,202.04126672700002
1131,35497.09999999999,201.06305549865002
1132,35445.799999999996,200.29875552115
1133,35383.0,201.35769286432503
1134,35359.4,203.6185257355
1135,35337.0,204.46706210535
1136,35281.7,205.3761847385
1137,35165.799999999996,203.60050857025
1138,35089.6,198.7828307793
1139,34866.799999999996,203.0917776366
1140,34825.6,202.795646976
1141,34710.6,197.16130487224999
1142,34647.8,198.89171239745002
1143,34620.0,200.2924224414
1144,34602.6,199.48892963999998
1145,34556.9,199.6474818549
1146,34334.4,196.20185201500001
1147,34312.8,196.266613322
1148,34250.799999999996,195.7913334535
1149,34190.299999999996,194.8874767012333
1150,34064.200000000004,195.93175875274997
1151,33991.5,195.41091567172498
1152,33957.0,196.47191999325
1153,33925.899999999994,194.47027317217498
1154,33907.49999999999,194.46060405395
1155,33885.7,195.2662323655
1156,33841.00000000001,195.627148340675
1157,33758.100000000006,200.03106638475
1158,33555.3,197.79975641045
1159,33491.399999999994,197.12526326695
1160,33417.5,196.89622890765
1161,33148.3,197.646004846875
1162,33009.0,196.32609642975
1163,32880.9,196.70181603277499
1164,32813.100000000006,199.302319209275
1165,32714.1,195.93861278715002
1166,32677.799999999996,195.08012700165003
1167,32594.6,194.4295742917
1168,32511.100000000002,194.60682974099998
1169,32434.8,194.110429478875
1170,32361.2,195.247244775875
1171,32307.9,192.46518778166669
1172,32150.600000000002,196.9080549903
1173,32147.499999999996,196.41665588339998
1174,32079.599999999995,193.90502757875
1175,32026.9,193.3257604058
1176,31933.899999999998,192.507154839675
1177,31818.4,192.9276430365
1178,31792.100000000002,193.71283854975002
1179,31524.100000000002,189.94686495800002
1180,31356.4,188.4753253155
1181,31105.2,187.999563507075
1182,30775.699999999997,190.33222284570002
1183,30712.999999999996,187.14328122450002
1184,30528.800000000003,182.936081584225
1185,30400.5,184.2981804458
1186,30312.699999999997,185.98864642130002
1187,30277.9,186.51738769949998
1188,30181.7,188.475316491
1189,30101.5,188.2467783878
1190,29999.0,191.5673410079
1191,29952.100000000002,191.375496743275
1192,29837.800000000003,190.9669244527
1193,29742.8,191.28441196185
1194,29681.2,189.77280474485
1195,29609.199999999997,189.24251845
1196,29410.2,189.2132558424
1197,29366.1,189.82870639425
1198,29323.899999999998,191.0119519104
1199,29249.600000000002,192.39141674277
1200,29205.3,188.0966829643
1201,29150.699999999997,192.26433856792502
1202,29008.9,192.8724796734
1203,28948.6,193.25940327540002
1204,28902.7,192.68758991725
1205,28841.9,193.8897968002
1206,28724.3,193.80250764615002
1207,28626.4,192.8154242622
1208,28577.399999999998,193.10010418009998
1209,28426.9,189.6458701976
1210,28413.9,189.156744422
1211,28369.699999999997,192.63389865615
1212,28271.6,191.59419376510002
1213,28214.1,191.816137593
1214,28097.3,189.95757968037498
1215,27973.2,189.286787345625
1216,27927.1,188.98634898427503
1217,27885.0,189.27849064935
1218,27866.399999999998,190.5849616488
1219,27820.7,187.586392521325
1220,27718.6,189.304523923175
1221,27714.1,190.6078690615
1222,27687.0,192.712370759625
1223,27661.3,191.46001174245
1224,27586.399999999998,191.95350057714998
1225,27549.7,191.5337587855875
1226,27502.800000000003,191.23379793375
1227,27441.9,191.95313370887501
1228,27280.100000000002,190.0614572262
1229,27170.199999999997,194.928153007
1230,27084.800000000003,186.271358966325
1231,27042.0,187.3935686286
1232,26954.9,188.08462820879998
1233,26857.8,186.43114764435
1234,26703.699999999997,185.43660435787498
1235,26537.1,185.5131813934
1236,26460.7,186.0128248
1237,26315.000000000004,183.7673068405
1238,26254.499999999996,184.57168235580002
1239,26016.000000000004,184.51815170625
1240,25786.0,186.541161542
1241,25543.600000000002,183.37891829900002
1242,25351.1,182.66041686875002
1243,25163.6,180.69369987574999
1244,24643.6,180.565516782075
1245,24269.8,186.726894870075
1246,24077.699999999997,184.6823772
1247,23873.8,183.12944747075
1248,23600.5,187.98535915199997
1249,23445.2,186.77935625474998
1250,23358.4,193.532820435975
1251,23276.7,197.67188495834998
1252,23185.0,188.6041093398
1253,23107.3,190.08050149462503
1254,23013.8,190.53007546182502
1255,22994.0,189.397339585125
1256,22833.6,186.13368892427502
1257,22749.300000000003,190.01358890950002
1258,22650.8,188.4866056205
1259,22604.1,185.207494535
1260,22550.100000000002,184.67921815
1261,22347.600000000002,187.0216472475
1262,22292.199999999997,187.2242115241
1263,22230.886,191.27052755302162
1264,22055.594,187.38113959770786
1265,21913.629,190.7825043804128
1266,21790.593,187.9571766507431
1267,21562.853,185.22605259203294
1268,21345.184,187.24278170075527
1269,21212.702,190.05178294941018
1270,21067.69,188.40117180397905
1271,20964.428,190.87078412905063
1272,20828.392,192.65750201107113
1273,20666.489,187.76130879373025
1274,20536.804,193.92595404672443
1275,20407.601,189.99022495118814
1276,20213.307,190.47301770392272
1277,20018.696,193.72302093582547
1278,19883.882,196.05515178135056
1279,19791.188,193.60063929670704
1280,19629.493,191.41876528996985
1281,19568.151,188.95303905155185
1282,19442.725,191.51661846127155
1283,19282.155,191.58428202340798
1284,19152.786,191.08550485764974
1285,18993.816,192.7099140092297
1286,18866.913,188.49917580509657
1287,18835.152,188.43646889385016
1288,18803.635,192.9746062473733
1289,18747.045,191.27099266967372
1290,18677.396,193.90294365325792
1291,18582.943,188.57060817148658
1292,18519.994,187.6657005045612
1293,18486.591,187.08794749517838
1294,18457.829,187.44688100668245
1295,18422.425,188.46984987600774
1296,18391.159,188.2127161368506
1297,18360.352,188.73157502184154
1298,18324.393,187.12107228232756
1299,18295.805,189.03208526365853
1300,18264.682,188.52153443206024
1301,18232.181,188.87750852438725
1302,18201.792,185.64837724764448
1303,18173.163,189.01145740964958
1304,18139.755,184.87510819689115
1305,18110.627,188.59044595252618
1306,18081.597,188.64072093684447
1307,18050.092,187.7267726989902
1308,18024.45,187.78531136917942
1309,17992.042,188.9556833468375
1310,17965.825,188.6564989836098
1311,17935.988,188.54215704394005
1312,17907.158,191.7237910053392
1313,17880.995,190.2606131810841
1314,17854.603,189.51763426245728
1315,17825.432,191.20739896471937
1316,17797.574,187.25256339861124
1317,17769.713,191.7049630706334
1318,17743.75,190.41145637495399
1319,17717.049,189.52313905154722
1320,17691.214,191.51895944996556
1321,17665.057,194.3760035369042
1322,17637.878,193.21020619774924
1323,17612.004,195.79039289658348
1324,17586.251,196.96328822867957
1325,17561.459,192.6236483930915
1326,17534.589,192.37047527166976
1327,17510.868,191.58573439908614
1328,17485.291,191.4761142959414
1329,17460.991,193.00049226913703
1330,17434.971,190.75739808941378
1331,17410.026,191.8856673685563
1332,17385.299,193.02021337722056
1333,17360.496,190.50284337603904
1334,17311.873,194.65141317549399
1335,17287.896,195.87573909141443
1336,17236.245,198.29417538469403
1337,17163.698,198.631089252931
1338,17091.847,202.1012164231453
1339,16994.774,204.3247383426767
1340,16928.831,202.9290476816134
1341,16869.315,205.18509194320177
1342,16797.545,205.52548876941438
1343,16733.528,210.24939480334604
1344,16655.879,213.15469236971649
1345,16590.012,208.4614276166706
1346,16553.509,208.65010901966778
1347,16509.932,207.94707338537606
1348,16472.034,213.9380167825644
1349,16458.381,217.18722610003746
1350,16431.323,211.7934498012063
1351,16410.706,212.94888538922996
1352,16391.886,209.50810411665645
1353,16374.888,211.2133503062316
1354,16354.228,214.83094793202406
1355,16337.251,212.42970768970437
1356,16317.429,214.5978424508933
1357,16296.958,212.84367513227136
1358,16278.743,214.22122886828478
1359,16260.727,218.56382460975144
1360,16240.564,220.48517092637948
1361,16222.957,223.23631531576837
1362,16208.708,227.3244742360862
1363,16187.461,221.48984625503218
1364,16166.707,226.1908800011438
1365,16151.209,224.8625784974834
1366,16114.135,222.4115117516632
1367,16083.0,224.242360124708
1368,16033.783,224.4802221411913
1369,16014.67,222.39327867419098
1370,15998.978,224.4079901815647
1371,15995.492,223.7224506956352
1372,15936.522,223.7681909549173
1373,15920.254,223.5107392974745
1374,15844.953,222.36468715588023
1375,15767.681,224.8571801594681
1376,15704.787,222.15764340429956
1377,15649.43,222.75834505097234
1378,15546.395,223.5305343345643
1379,15462.934,223.2710402890986
1380,15410.078,224.74311624898786
1381,15382.846,225.38795165189697
1382,15345.237,228.91652002838566
1383,15320.944,227.64306095288393
1384,15280.741,225.77162913978188
1385,15243.443,228.26585961041698
1386,15218.875,230.18339813242306
1387,15181.113,227.84358475209112
1388,15156.516,228.8057322422929
1389,15133.528,229.67160656998294
1390,15095.81,234.47446894840783
1391,15072.534,228.99480745157686
1392,15034.777,225.38083520649624
1393,15011.48,228.3650655244248
1394,14987.256,227.65098593922204
1395,14976.478,229.78672581367329
1396,14953.662,228.890295544307
1397,14929.02,228.46979297537328
1398,14915.908,228.35879507223092
1399,14904.212,228.71528957073212
1400,14892.457,230.6301423785333
1401,14880.662,227.85150672131329
1402,14869.177,232.22123314488178
1403,14857.525,233.1674385645637
1404,14844.772,227.87363187172843
1405,14834.75,228.4041873231957
1406,14822.391,226.50690563613685
1407,14810.614,227.5760816830967
1408,14799.135,228.50250206425628
1409,14787.831,227.78536212593403
1410,14776.283,227.39272967198517
1411,14763.412,224.64412988292017
1412,14758.515,227.9025821178081
1413,14743.189,231.47501430697426
1414,14730.883,234.53668908061695
1415,14718.124,230.5296191365043
1416,14706.958,228.1794674192821
1417,14696.689,228.9069484734525
1418,14686.374,237.49243901935716
1419,14675.119,234.33541847308942
1420,14664.087,233.41678590018034
1421,14652.256,234.62208303328032
1422,14645.202,238.11592408247537
1423,14629.987,240.10202126482596
1424,14619.389,237.97072384125397
1425,14606.209,237.58632963935628
1426,14595.468,235.30951417343593
1427,14586.185,237.9659544143376
1428,14575.933,239.76503812675872
1429,14563.518,239.85999766133673
1430,14552.933,241.729807649943
1431,14541.662,235.8323421305916
1432,14531.297,243.17377294839466
1433,14520.852,241.14411641924522
1434,14497.209,242.05538663336657
1435,14463.583,238.61345734214723
1436,14443.283,240.9489026098227
1437,14422.234,242.60460298931037
1438,14410.597,242.5463915992586
1439,14374.989,240.3252352260465
1440,14354.483,238.39005888170098
1441,14343.156,242.07891889663432
1442,14308.608,235.8013722168602
1443,14298.717,239.03677680876376
1444,14273.024,240.21229536304708
1445,14237.445,236.59503531115416
1446,14205.559,238.3613364190683
1447,14179.551,239.36064776017062
1448,14156.604,239.23818680138615
1449,14120.057,236.39805979670948
1450,14084.472,232.88000615516702
1451,14060.093,241.26916500368534
1452,14022.859,237.8687866200197
1453,14001.788,235.91958262522573
1454,13940.228,240.5703386445421
1455,13871.566,237.95158516671214
1456,13827.204,239.08435072354874
1457,13758.73,241.11490412197253
1458,13712.826,241.59139134507328
1459,13645.346,238.54747522687632
1460,13600.809,243.85979844716996
1461,13531.749,235.8255291423037
1462,13486.737,240.25427358439862
1463,13418.103,237.82629259075324
1464,13304.149,236.86022090165332
1465,13266.965,240.4197733780046
1466,13216.195,239.4098936541896
1467,13172.67,236.91006470650157
1468,13128.448,234.8172845805215
1469,13088.223,241.5552999030114
1470,13066.591,237.90902544878452
1471,13043.693,238.86480110696388
1472,13021.916,234.67711437690164
1473,13001.057,239.41877622767902
1474,12980.883,237.14801820813656
1475,12959.751,240.7072616624785
1476,12939.228,238.17670710529902
1477,12917.105,238.7942418996904
1478,12893.384,239.43542944264073
1479,12873.977,241.2383063619222
1480,12852.706,239.34501708789696
1481,12830.152,242.14661205332536
1482,12809.27,242.23335017876875
1483,12785.627,241.49602014897292
1484,12762.577,240.01944039217156
1485,12739.914,247.29878007926465
1486,12719.8,241.5919394471499
1487,12697.141,244.24252191664183
1488,12673.897,242.52904430354567
1489,12653.637,243.94829999483662
1490,12629.853,246.94327763185444
1491,12607.644,248.09151906637942
1492,12586.604,247.01866418752644
1493,12564.615,244.27496932125192
1494,12543.717,249.9226267174943
1495,12521.35,246.7361603977909
1496,12495.838,244.42282246806465
1497,12475.39,246.17917534767042
1498,12454.817,245.828192028346
1499,12431.925,247.67023851530323
1500,12409.378,246.4034368607132
1501,12388.308,243.00399847303908
1502,12365.281,244.30941964788178
1503,12343.121,246.9665079337188
1504,12321.276,250.73154369365116
1505,12301.036,248.9240190698803
1506,12280.774,249.37721064234103
1507,12256.477,248.95174624217293
1508,12232.921,249.23182055441774
1509,12211.34,249.6533400802813
1510,12190.414,250.96816256782247
1511,12168.481,251.42428040746907
1512,12146.495,251.13879991205624
1513,12124.583,253.01913649818056
1514,12105.248,255.6570401748525
1515,12079.849,251.03138662276533
1516,12058.796,253.09803694796494
1517,12037.316,248.40713321971356
1518,12015.895,247.85064164274337
1519,11990.691,255.3912977602452
1520,11969.551,253.9931437879996
1521,11948.086,248.91570205793047
1522,11926.956,258.57498699245264
1523,11904.912,255.89657531323917
1524,11883.166,251.56174454316204
1525,11863.118,253.6295799831633
1526,11843.327,254.31017470730887
1527,11820.5,257.16871076552565
1528,11802.789,258.53058047537485
1529,11780.723,258.24947010276907
1530,11759.212,258.7419682040664
1531,11740.65,255.89086904448925
1532,11719.717,256.0430608603061
1533,11701.438,253.99089690085395
1534,11682.818,254.6155973344712
1535,11664.542,247.5528586529488
1536,11647.924,257.13429330946656
1537,11628.966,266.2202091929294
1538,11611.307,261.3035570908851
1539,11592.243,260.7019637596007
1540,11576.406,267.0926460402798
1541,11559.612,262.7402713424808
1542,11543.596,266.8975316078414
1543,11523.934,269.5087267559184
1544,11507.225,267.66344435702626
1545,11490.446,267.1659882944808
1546,11472.799,269.09658248435426
1547,11453.064,268.86948241809176
1548,11435.931,270.14345909208504
1549,11417.453,264.4831386910426
1550,11399.861,268.1638827775123
1551,11383.156,264.8396344162771
1552,11339.371,264.8062514925239
1553,11316.978787878788,264.1
1554,11256.567878787879,264.4
1555,11200.576363636363,265.3
1556,11185.87090909091,265.0
1557,11161.063636363637,264.8
1558,11089.615757575755,264.8
1559,10954.478787878788,267.6
1560,10835.743636363635,265.1
1561,10801.809090909092,266.0
1562,10680.480000000003,266.9
1563,10505.551515151516,267.5
1564,10366.55575757576,264.9
1565,10299.554545454546,265.7
1566,10192.954545454544,263.4
1567,10134.50303030303,264.0
1568,9992.609575757577,264.2
1569,9901.037878787878,264.4
1570,9573.266606060606,263.8
1571,9555.86393939394,263.0
1572,9524.439454545454,260.9
1573,9518.05903030303,260.6
1574,9436.703454545453,265.2
1575,9361.11696969697,263.8
1576,9295.308848484849,263.7
1577,9143.01284848485,262.0
1578,9060.173939393939,259.3
1579,8992.985757575756,260.4
1580,8911.853878787877,260.9
1581,8781.282363636365,259.0
1582,8710.678181818183,261.8
1583,8546.579090909092,260.7
1584,8459.675757575757,261.3
1585,8351.876727272727,258.3
1586,8194.798787878788,259.3
1587,8116.284242424243,259.6
1588,7975.853939393939,260.8
1589,7926.3653939393935,259.2
1590,7860.1816363636335,259.7
1591,7719.5915151515155,260.4
1592,7661.3663636363635,260.1
1593,7497.865393939395,258.4
1594,7405.323818181818,260.7
1595,7274.009999999999,263.0
1596,7188.070303030302,262.3
1597,7038.269878787879,257.6
1598,6970.077393939396,258.1
1599,6880.308666666668,262.9
1600,6769.652545454545,262.1
1601,6682.545393939393,259.4
1602,6572.291575757575,261.1
1603,6401.244848484847,261.2
1604,6337.206909090909,262.7
1605,6301.963333333333,263.2
1606,6089.807878787879,265.5
1607,5999.3760606060605,266.7
1608,5934.091454545454,260.7
1609,5852.259636363636,265.5
1610,5757.606363636363,265.9
1611,5581.297333333333,267.6
1612,5533.289575757576,265.2
1613,5357.548545454545,265.3
1614,5311.175757575757,267.6
1615,5218.5661818181825,269.8
1616,5086.789939393939,268.6
1617,4981.579878787878,269.3
1618,4921.201818181818,270.7
1619,4773.001515151515,271.5
1620,4647.462909090909,269.8
1621,4592.819272727273,269.1
1622,4494.362424242425,271.1
1623,4342.822424242424,271.5
1624,4275.076666666667,272.8
1625,4205.842363636364,271.6
1626,4108.666727272727,271.7
1627,3968.9506060606054,274.9
1628,3856.1663636363637,275.4
1629,3806.856969696969,271.5
1630,3693.407696969697,273.0
1631,3644.462727272728,273.4
1632,3528.2878787878785,275.0
1633,3431.119272727273,274.0
1634,3283.661575757576,273.1
1635,3255.728181818182,276.3
1636,3056.604242424242,274.6
1637,2948.816303030303,276.3
1638,2904.5469090909087,274.7
1639,2801.7606666666657,275.3
1640,2708.475454545455,278.9
1641,2628.015757575757,273.9
1642,2526.12496969697,277.9
1643,2414.3166666666666,277.6
1644,2265.5493333333334,276.7
1645,2234.2352727272723,276.7
1646,2093.3590909090913,276.9
1647,1999.70909090909,278.0
1648,1949.0,276.7
1649,1920.0,277.9
1650,1894.0,277.4
1651,1846.0,277.5
1652,1814.0,278.1
1653,1796.46924,278.0719954240161
1654,1775.46638,277.55589209790946
1655,1709.3986,280.24908719030117
1656,1683.9046899999998,278.31439989271746
1657,1675.55608,280.2444922059889
1658,1654.39543,280.9089598541969
1659,1632.4542099999999,281.692138914424
1660,1592.66644,277.79537780888165
1661,1565.77312,277.24691789826335
1662,1543.63545,279.12520908544417
1663,1513.06166,279.9999146746923
1664,1461.86806,277.1056915049757
1665,1432.04389,276.78951906858396
1666,1398.37838,276.5590465243607
1667,1392.53167,278.4608975547629
1668,1367.59231,276.19603745957005
1669,1335.4754400000002,277.86971612986054
1670,1313.00077,279.58805021854124
1671,1280.82364,278.45496800258206
1672,1248.75007,277.098940914164
1673,1219.5665,279.9902637416671
1674,1187.70454,279.29371083930937
1675,1156.8950399999999,279.72469920818
1676,1127.67222,278.62300321449914
1677,1074.5898,279.42044060983585
1678,1035.87184,280.10552589040225
1679,992.34736,277.4071684030988
1680,967.34583,278.7402401551619
1681,932.42209,279.7987034131486
1682,930.72784,280.06452973881244
1683,909.92083,280.9161701585891
1684,900.82294,280.9667443357615
1685,879.7973,282.8444160166049
1686,850.5902000000001,283.0944582572788
1687,834.3911,282.8416314024614
1688,803.7130999999999,284.510584449478
1689,784.0183999999999,283.9659747066713
1690,750.1886,284.54004420226613
1691,739.0450000000001,283.68828915610504
1692,698.7306000000001,282.41311047504325
1693,690.4929,282.199286054067
1694,671.8032000000001,278.4312489162189
1695,642.5527999999999,281.5784089788515
1696,619.8800000000001,284.0676432722511
1697,601.1501000000001,278.3621212274177
1698,559.6678999999999,280.9115788303861
1699,539.1394,279.6965499485699
1700,521.1956,279.7256958832981
1701,500.83619999999996,282.22658040584827
1702,480.6032,280.3125047226672
1703,448.4713999999999,283.1247803916497
1704,420.3243,283.94789036843633
1705,400.35249999999996,283.5296825674026
1706,390.1370999999999,281.82904146165555
1707,376.98710000000005,282.5698274885973
1708,361.8233,281.10892823134105
1709,359.0093999999999,279.3568610690018
1710,346.58140000000003,275.066577843599
1711,340.53919999999994,271.10903046702873
1712,321.4006999999999,273.78076231204557
1713,310.18550000000005,276.6872122505445
1714,300.9031,278.0152295252318
1715,268.10570000000007,276.6596678045921
1716,260.2585999999999,276.3246167739362
1717,255.93360000000007,277.35805088594464
1718,227.13560000000007,278.27011023020174
1719,226.99260000000004,277.01330979867544
1720,216.12799999999993,278.3109424912346
1721,208.7428,276.8090000432731
1722,200.88010000000008,277.6000738939942
1723,198.0684000000001,276.4573287163011
1724,197.87059999999997,278.00200109884094
1725,187.1217999999999,277.15568662096365
1726,186.30320000000006,276.3961020284933
1727,176.54449999999997,277.8559524780317
1728,170.5109,280.23629818436876
1729,169.70010000000002,273.07371696468044
1730,155.9034999999999,281.61711795078935
1731,154.05649999999991,282.3047106620081
1732,153.5284999999999,280.40443666000317
1733,150.6636000000001,282.7995518984052
1734,136.34030000000007,284.43128758236145
1735,125.25500000000011,281.3603652847592
1736,123.07770000000005,285.90893992625405
1737,117.12622381999995,285.0861666968484
1738,116.82279999999992,283.82039231033946
1739,113.2998,284.151983964357
1740,109.17184283000006,283.6545457229947
1741,106.70678711000005,281.58148260537183
1742,105.53888998000002,283.5311237194569
1743,105.34534607,283.1828720355646
1744,104.09510939000006,283.6198856894272
1745,102.67820000000006,286.839237474432
1746,99.73761839999997,284.00163402345765
1747,99.173,288.7903954001126
1748,98.89435269,285.4658308627274
1749,96.29172496000001,288.05443747992655
1750,95.28161881999995,285.56557722684016
1751,93.3796722699999,283.16210074754474
1752,91.15595858000006,286.6330756116753
1753,88.16551931000004,287.17456217295097
1754,87.02144425999995,285.3533187571561
1755,85.87161822999997,286.65415816058197
1756,83.25611204999996,285.05229227816864
1757,82.26960000000008,287.9922513016967
1758,81.58508690999997,289.53614491302415
1759,80.3438782799999,287.9864944292303
1760,79.95531419999998,286.32578146070443
1761,77.17362217000004,286.6550967370638
1762,76.2620196800001,291.5581974658393
1763,73.09478323000008,289.3281310647417
1764,70.04941602000008,287.7707291897673
1765,67.07764627999995,292.46393479402104
1766,66.20852756999989,289.7624132149648
1767,65.82009999999991,289.2265988139854
1768,64.39987096999994,288.1157636999787
1769,62.60553327000002,294.34178746728605
1770,60.992519469999934,292.3423879392772
1771,60.1310578099999,290.9175394046256
1772,57.6094814600001,295.17192926023625
1773,57.12160448999998,294.8594308441452
1774,56.9396999999999,295.3164626735822
1775,56.34117893999996,293.16654166689625
1776,56.24367503999997,293.80883068272027
1777,51.34283968999989,295.2814574829282
1778,51.057595010000114,297.0473645165553
1779,49.82164923999994,294.22072160003313
1780,48.298125289999916,295.6106368299745
1781,46.09347466000008,295.9913578166476
1782,44.64919585999996,299.0235966178361
1783,44.45643668999992,297.32821856127947
1784,44.225799999999936,299.62686294971274
1785,41.47609211000008,301.50413540464433
1786,40.23523068999998,297.86910679162327
1787,39.284149150000076,298.10624698316605
1788,38.90461155999992,297.7268153632511
1789,38.71498595999992,299.25727749401767
1790,37.484859689999894,301.29772622272134
1791,35.60700403999999,300.7000886560916
1792,34.213969129999896,301.9151507114715
1793,32.12541188,303.85222132002366
1794,31.331601200000023,304.61320734820134
1795,30.2922188,301.8758603769565
1796,27.494957789999944,303.1815383191544
1797,27.163116590000072,306.19862429992156
1798,25.251618980000103,304.7159146968185
1799,24.686957090000078,304.96915678718324
1800,22.203540369999928,308.01874186181465
1801,21.843200000000024,305.66786848134046
1802,21.46069323000006,305.70537216677735
1803,21.256399999999985,305.78294147245686
1804,20.613674270000047,305.3808267142061
1805,19.17030616000011,305.7409186942765
1806,17.70639580000011,308.25556223436706
1807,17.462700710000036,308.27919921307927
1808,17.219075570000086,305.94402817135216
1809,16.40695077999999,307.0755443187391
1810,16.123575399999936,309.6306260790445
1811,14.94369888999995,306.3197983876916
1812,14.290543329999991,307.25859856593024
1813,14.12664190999999,309.3446868650601
1814,13.136785700000019,307.4076931745866
1815,12.233306950000042,312.3293254879136
1816,12.132119869999997,311.52050972739016
1817,11.870147509999924,311.94102882822733
1818,11.838400000000092,308.47982780846024
1819,11.03227736000008,310.4566675193962
1820,10.77751491999993,311.21179432912515
1821,10.408172680000007,310.9510867188181
1822,10.030999999999949,309.80091502114107
1823,9.245991239999967,307.7386635857962
1824,9.160584629999903,311.80226771747726
1825,8.22030175000009,312.393938618938
1826,7.964587149999943,312.8437329659678
1827,7.792658919999894,311.878053578341
1828,6.426352059999999,312.36164019507424
1829,5.490957340000023,310.224309572614
1830,5.2356770799999595,311.2775834649954
1831,5.037190190000047,310.440204448011
1832,4.6126112699998885,311.8114965345337
1833,4.442779830000063,311.9671347125998
1834,4.38416084000005,312.5596867804179
1835,3.3731399599998895,312.8663621464335
1836,3.3366031699999894,310.36290017732523
1837,2.2935130999999274,311.57094999761165
1838,1.225945319999937,309.6939936066409
1839,0.33152825999991364,313.6602846482332
1840,-0.25090000000000146,312.0017776102837
1841,-2.3839181700000154,312.1844627182946
1842,-3.5585613600001125,312.22274083278216
1843,-3.7139373699999396,312.8003637775662
1844,-3.791544359999989,313.1710570119369
1845,-4.795964650000087,314.7139613439055
1846,-6.157200000000103,315.342073915026
1847,-7.103747099999964,314.4370577968855
1848,-7.203373640000109,316.3253801823537
1849,-7.257538840000052,315.2703546298443
1850,-7.872424290000026,314.57216625352925
1851,-8.102785849999918,316.1014028920352
1852,-8.56297111999993,316.3340200101121
1853,-9.092695849999927,311.98389241638387
1854,-10.31404479999992,313.0933880516286
1855,-10.568661719999909,318.20658038167187
1856,-11.71589999999992,316.59261011941027
1857,-12.321916399999964,317.5216280215933
1858,-12.395341090000102,319.1381732232432
1859,-12.542091540000001,317.4481354802273
1860,-12.6152798600001,318.61106261456985
1861,-13.200018279999995,319.06606441856763
1862,-13.564495589999979,319.12347301713646
1863,-15.226349230000096,319.8929363220089
1864,-15.297878110000056,319.1950596158425
1865,-15.866011569999955,320.98156635342656
1866,-16.54523532999997,322.1747797142201
1867,-16.78904407999994,320.4923553617883
1868,-18.53874855999993,320.38065078205506
1869,-18.813869489999888,324.08551736938495
1870,-18.98437082999999,325.07717594979096
1871,-19.423218019999922,324.70605757685405
1872,-20.22168347999991,324.5570616692709
1873,-20.637150239999983,324.9059936630005
1874,-20.65630200999999,326.6491948420144
1875,-20.872681979999925,326.3093257445175
1876,-22.041017810000085,330.3504422217994
1877,-22.088334380000106,328.41588801232757
1878,-24.133413320000045,331.54980566810485
1879,-25.570921230000067,332.3656863259178
1880,-26.67036968000002,332.3689555204767
1881,-26.796750369999927,335.54695345792317
1882,-29.14258988000006,334.84855553252345
1883,-33.02591865999989,339.4604885213476
1884,-33.07684986999993,341.3292967441024
1885,-34.916752950000046,342.0519764062061
1886,-35.76218001999996,343.1107520502481
1887,-36.14322833999995,343.9736767615952
1888,-36.616016200000104,344.71776861346984
1889,-37.20859160000009,345.44120600376243
1890,-38.06951193000009,347.59740561133145
1891,-38.966334940000024,349.27841464963046
1892,-39.407967809999946,349.8002703595191
1893,-39.97139973000003,350.8086522409729
1894,-41.134816709999996,352.41630841973364
1895,-42.313517060000095,353.72423581425323
1896,-43.07999999999993,353.94668533391206
1897,-44.40564212000004,357.10673969933646
1898,-46.27927212999998,359.6477931830841
1899,-48.0,361.78073658846415
1900,-51.02999999999997,368.02248790241714
1901,10.0,316.91
1902,11.0,317.64
1903,12.0,318.45
1904,13.0,318.99
1905,14.0,319.62
1906,15.0,320.04
1907,16.0,321.37
1908,17.0,322.18
1909,18.0,323.05
1910,19.0,324.62
1911,20.0,325.68
1912,21.0,326.32
1913,22.0,327.46
1914,23.0,329.68
1915,24.0,330.19
1916,25.0,331.13
1917,26.0,332.03
1918,27.0,333.84
1919,28.0,335.41
1920,29.0,336.84
1921,30.0,338.76
1922,31.0,340.12
1923,32.0,341.48
1924,33.0,343.15
1925,34.0,344.87
1926,35.0,346.35
1927,36.0,347.61
1928,37.0,349.31
1929,38.0,351.69
1930,39.0,353.2
1931,40.0,354.45
1932,41.0,355.7
1933,42.0,356.54
1934,43.0,357.21
1935,44.0,358.96
1936,45.0,360.97
1937,46.0,362.74
1938,47.0,363.88
1939,48.0,366.84
1940,49.0,368.54
1941,50.0,369.71
1942,51.0,371.32
1943,52.0,373.45
1944,53.0,375.98
1945,54.0,377.7
1946,55.0,379.98
1947,56.0,382.09
1948,57.0,384.02
1949,58.0,385.83
1950,59.0,387.64
1951,60.0,390.1
1952,61.0,391.85
1953,62.0,394.06
1954,63.0,396.74
1955,64.0,398.81
1956,65.0,401.01
1957,66.0,404.41
1958,67.0,406.76
1959,68.0,408.72
1960,69.0,411.65
1961,70.0,414.21
1962,71.0,416.41
1963,72.0,418.53
1964,73.0,421.08
