Figure 2. Global Atmospheric Concentrations of Methane Over Time,,,,,
Source: EPA's Climate Change Indicators in the United States: www.epa.gov/climate-indicators,,,,,
Data source: Compilation of five underlying datasets,,,,,
Web update: July 2022,,,,,
Units: parts per billion (ppb) of methane,,,,,
,,,,,
Year (negative values = BC),"EPICA Dome C, Antarctica",Law Dome,"Cape Grim, Australia","Mauna Loa, Hawaii","Shetland Islands, Scotland"
Ice core measurements,,,,,
-797446.1,399.30,,,,
-796467.4,457.80,,,,
-795327,396.10,,,,
-794369.7,418.00,,,,
-792988,428.30,,,,
-792449.6,419.67,,,,
-791645.5,451.20,,,,
-790877,469.67,,,,
-790044.8,466.20,,,,
-789426.6,503.00,,,,
-788740.4,483.00,,,,
-788087.6,540.33,,,,
-787312,543.20,,,,
-786864.7,561.67,,,,
-786172.7,588.90,,,,
-785723.2,659.33,,,,
-784988.2,713.40,,,,
-784698.6,699.00,,,,
-784589.8,738.67,,,,
-784539.9,723.00,,,,
-784009.5,676.90,,,,
-783436.1,686.33,,,,
-782689.9,639.40,,,,
-782157.5,653.33,,,,
-781478,618.00,,,,
-780900.5,639.33,,,,
-780007.1,623.30,,,,
-779682.9,633.33,,,,
-778794.8,629.90,,,,
-778144.6,616.00,,,,
-777333.2,598.30,,,,
-776810.3,614.00,,,,
-776081.5,681.00,,,,
-775460.3,657.67,,,,
-774605.1,601.20,,,,
-774043.8,617.67,,,,
-773295.5,577.40,,,,
-772575.4,583.33,,,,
-771681.9,548.50,,,,
-771049.3,565.67,,,,
-770248.5,529.50,,,,
-770063.6,538.67,,,,
-769878.6,543.00,,,,
-769590.8,556.00,,,,
-769255.1,639.33,,,,
-768980.6,646.67,,,,
-768651.7,632.10,,,,
-768344.1,629.70,,,,
-768129.9,621.67,,,,
-767776.6,616.30,,,,
-767629.8,587.00,,,,
-767349.6,569.80,,,,
-766740.6,568.00,,,,
-765671.2,486.40,,,,
-765121.4,519.00,,,,
-764296.1,466.70,,,,
-763935.9,462.00,,,,
-763555.4,469.67,,,,
-763272.1,500.00,,,,
-763133.6,535.00,,,,
-762798.3,517.80,,,,
-762634.7,563.33,,,,
-762193.3,549.33,,,,
-761867.7,556.00,,,,
-761513.3,538.40,,,,
-760876.8,521.00,,,,
-760088.6,474.30,,,,
-759624.4,473.20,,,,
-758685.7,453.70,,,,
-758065.2,462.33,,,,
-757250.2,433.60,,,,
-756866.5,421.00,,,,
-756431.6,485.67,,,,
-756193.3,497.67,,,,
-756050.2,498.10,,,,
-755557.8,505.33,,,,
-755265.8,479.67,,,,
-755045.1,473.30,,,,
-754835.7,439.40,,,,
-754370.5,419.00,,,,
-753665.2,444.50,,,,
-753189.6,429.00,,,,
-752398.9,406.40,,,,
-752070,409.67,,,,
-750617.6,431.33,,,,
-749805.3,400.90,,,,
-749303.8,428.33,,,,
-748653.2,407.60,,,,
-748094.9,399.67,,,,
-747369.6,377.50,,,,
-746919.5,408.67,,,,
-746283.3,392.20,,,,
-745766.4,404.67,,,,
-745099.5,402.40,,,,
-744652.7,428.00,,,,
-744054.6,415.10,,,,
-743522.4,432.33,,,,
-742824.4,421.30,,,,
-742362.3,421.67,,,,
-741756.3,439.10,,,,
-741257.3,422.33,,,,
-740552.5,401.50,,,,
-740121.4,409.33,,,,
-739472.9,387.70,,,,
-738917.7,414.00,,,,
-738261.5,410.60,,,,
-737859.8,403.00,,,,
-737323.4,408.30,,,,
-736868.5,407.33,,,,
-736179.9,423.00,,,,
-735872.3,507.67,,,,
-735335.5,541.90,,,,
-734972.9,561.00,,,,
-734462.6,545.90,,,,
-734106.6,541.00,,,,
-733574.1,517.60,,,,
-733151.1,531.33,,,,
-732638.3,519.90,,,,
-732244.4,519.33,,,,
-731697.9,529.50,,,,
-731209.4,525.33,,,,
-730511,520.50,,,,
-730196,537.33,,,,
-729491.5,511.70,,,,
-729076.6,538.00,,,,
-728293.2,544.60,,,,
-727804,551.00,,,,
-726923,530.33,,,,
-726502.6,559.00,,,,
-725757.3,530.80,,,,
-725230.1,540.67,,,,
-724544.9,504.30,,,,
-723918.5,561.00,,,,
-722970.2,478.45,,,,
-722423.1,581.00,,,,
-721737.7,559.60,,,,
-721021.6,566.33,,,,
-719971.1,514.70,,,,
-719307.7,491.33,,,,
-718582.9,401.10,,,,
-717691.6,407.67,,,,
-716685.4,391.70,,,,
-716013,402.67,,,,
-715244.5,398.80,,,,
-714513,434.67,,,,
-713700,531.30,,,,
-713164.9,570.00,,,,
-712239.3,577.00,,,,
-711787.7,593.00,,,,
-711060.4,596.80,,,,
-710414.8,587.67,,,,
-709618.8,573.20,,,,
-709001.4,591.00,,,,
-708191.3,556.30,,,,
-707808.5,567.70,,,,
-707680.6,611.33,,,,
-706903.7,520.50,,,,
-706419.7,512.30,,,,
-705648.7,504.50,,,,
-705202.7,519.30,,,,
-704452.3,610.33,,,,
-704026.5,610.33,,,,
-703387.3,584.60,,,,
-702911.3,602.33,,,,
-702258.4,588.00,,,,
-701925.6,593.33,,,,
-701377,582.00,,,,
-700968.2,605.33,,,,
-700513.3,593.90,,,,
-700101.8,584.33,,,,
-699581.2,570.80,,,,
-699253.2,594.67,,,,
-698715.3,578.40,,,,
-698395.5,581.00,,,,
-697921.7,565.77,,,,
-697606.9,594.00,,,,
-697181.7,604.33,,,,
-696323.8,588.00,,,,
-696096.6,604.67,,,,
-695657.8,603.70,,,,
-694967.5,623.80,,,,
-694692.8,644.67,,,,
-694279,642.90,,,,
-694030.1,647.20,,,,
-693621.2,631.70,,,,
-693349.1,652.00,,,,
-692955,635.30,,,,
-692699.2,638.67,,,,
-692313.4,629.00,,,,
-692055.3,615.00,,,,
-691416.1,590.10,,,,
-691006,601.50,,,,
-690749.9,595.50,,,,
-690352.9,557.40,,,,
-690085.1,570.33,,,,
-689672.1,567.60,,,,
-689416.2,584.33,,,,
-688756.8,561.00,,,,
-688329.5,548.90,,,,
-688033.2,555.33,,,,
-687608.8,540.00,,,,
-687345.7,556.67,,,,
-686898,541.50,,,,
-686634.6,537.67,,,,
-686203.8,527.30,,,,
-685935.9,529.30,,,,
-685473.8,537.60,,,,
-684737.2,522.50,,,,
-684441.3,521.00,,,,
-683975.3,513.70,,,,
-683749.3,507.67,,,,
-682911.6,519.60,,,,
-682435.5,504.30,,,,
-682104.5,498.67,,,,
-681617.1,498.10,,,,
-681309.9,494.00,,,,
-680776.6,543.06,,,,
-680702.6,523.00,,,,
-680439.4,505.33,,,,
-679822,485.60,,,,
-679466.7,481.50,,,,
-678896.2,489.50,,,,
-678606.3,465.67,,,,
-678160.5,445.70,,,,
-677785.7,459.67,,,,
-677246.1,543.90,,,,
-677148.9,500.33,,,,
-676882.4,494.00,,,,
-676236.1,495.40,,,,
-675913.5,491.10,,,,
-675341.7,463.50,,,,
-675022.5,466.00,,,,
-674597.5,454.60,,,,
-674206.2,536.00,,,,
-673589.7,551.48,,,,
-673159,554.33,,,,
-672458.3,564.00,,,,
-672163.5,562.40,,,,
-671487.7,512.45,,,,
-671112.9,529.00,,,,
-670381.6,471.10,,,,
-669973.9,462.33,,,,
-669275.8,439.30,,,,
-669049.6,483.00,,,,
-668964.5,489.33,,,,
-667679,396.30,,,,
-666842.2,390.20,,,,
-666375.8,385.00,,,,
-665639.5,364.50,,,,
-665029.8,374.33,,,,
-664267.5,376.00,,,,
-662083.7,413.60,,,,
-660574.1,384.33,,,,
-659084.3,401.67,,,,
-657454.2,359.25,,,,
-655794.8,343.50,,,,
-654857.4,398.33,,,,
-654141,414.00,,,,
-652530.6,396.67,,,,
-650704.9,409.00,,,,
-648727.4,414.40,,,,
-646941.5,425.67,,,,
-644705.6,428.67,,,,
-642524.5,428.67,,,,
-641233.7,386.33,,,,
-640488.8,369.40,,,,
-637648.5,373.00,,,,
-634926.6,373.33,,,,
-632346.8,360.67,,,,
-629795,376.40,,,,
-627140.1,355.67,,,,
-625076.3,386.33,,,,
-624069.5,474.00,,,,
-623521.4,478.33,,,,
-622646.1,572.67,,,,
-622066.6,571.70,,,,
-621230.2,618.33,,,,
-620626.4,660.67,,,,
-619746.2,626.67,,,,
-619097.2,609.33,,,,
-617730,602.33,,,,
-616396.4,603.80,,,,
-615003.4,611.00,,,,
-613630.2,617.00,,,,
-612402.6,620.33,,,,
-611220.1,600.70,,,,
-610005.3,619.67,,,,
-608838.5,592.67,,,,
-607636.8,582.67,,,,
-606941.1,576.67,,,,
-606475.2,577.90,,,,
-605204.6,537.67,,,,
-603906.7,532.67,,,,
-602511.6,503.00,,,,
-601116.2,525.90,,,,
-599695.4,542.33,,,,
-598280.8,534.33,,,,
-596845.1,544.00,,,,
-595983.6,495.67,,,,
-595323.8,465.00,,,,
-593950.3,448.33,,,,
-593158.6,463.00,,,,
-592512.3,538.67,,,,
-591387.9,509.67,,,,
-590203.7,483.00,,,,
-588430.4,428.33,,,,
-587885.8,480.33,,,,
-586664.7,468.00,,,,
-585595.9,451.20,,,,
-584416.6,470.33,,,,
-580955.7,482.40,,,,
-580024.3,488.33,,,,
-579114.4,484.33,,,,
-578373.1,505.00,,,,
-578004.4,520.67,,,,
-577787.5,608.70,,,,
-577199.3,618.33,,,,
-576641.5,601.67,,,,
-576100.3,602.00,,,,
-575582.6,578.90,,,,
-575051.6,596.67,,,,
-574552.5,584.00,,,,
-574039.1,589.33,,,,
-573572.5,580.50,,,,
-573097.2,600.00,,,,
-572646,605.00,,,,
-572197,619.50,,,,
-571749.1,598.40,,,,
-571311.6,613.33,,,,
-570899.2,612.00,,,,
-570475,614.00,,,,
-570050.7,603.80,,,,
-569652.4,610.33,,,,
-569228.5,594.00,,,,
-568816.3,597.00,,,,
-568418.6,579.80,,,,
-567997.2,587.67,,,,
-567598.1,589.00,,,,
-567208.5,590.00,,,,
-566820.5,588.50,,,,
-566429.5,613.00,,,,
-566037.3,615.00,,,,
-565642.4,603.33,,,,
-565268.4,620.00,,,,
-564888.5,626.00,,,,
-564501.4,618.00,,,,
-564107.5,627.00,,,,
-563734.5,576.50,,,,
-563335,589.33,,,,
-562958.7,581.33,,,,
-562571.8,579.00,,,,
-562184.7,549.50,,,,
-561780.9,554.00,,,,
-561393.9,528.67,,,,
-560968.7,532.33,,,,
-560549.4,494.60,,,,
-560137.8,497.00,,,,
-559692.3,486.00,,,,
-559452.8,483.67,,,,
-558972.4,464.33,,,,
-558500.1,510.67,,,,
-558291,515.67,,,,
-557811.4,501.33,,,,
-557289.9,492.33,,,,
-556745.2,467.90,,,,
-556227.4,442.67,,,,
-555723,442.67,,,,
-555222.5,495.67,,,,
-554777.9,530.67,,,,
-554168.1,575.33,,,,
-553664.1,577.67,,,,
-553172.6,557.33,,,,
-552629.5,519.40,,,,
-552016,500.67,,,,
-551369.1,471.33,,,,
-550729.5,431.33,,,,
-550369.8,443.00,,,,
-549988.4,490.80,,,,
-549146.7,477.33,,,,
-548353.2,472.00,,,,
-547504.2,456.33,,,,
-546586.8,433.50,,,,
-545583.6,390.00,,,,
-544707.4,408.67,,,,
-543499.4,418.33,,,,
-542398.4,426.50,,,,
-541241.1,404.67,,,,
-540029.5,408.00,,,,
-538845.7,391.00,,,,
-537668.5,399.60,,,,
-536984.9,415.33,,,,
-536460,448.00,,,,
-535778.9,467.33,,,,
-535287.6,496.67,,,,
-534187.5,490.33,,,,
-532968.1,449.40,,,,
-531900.6,458.00,,,,
-530766,422.33,,,,
-529680,420.33,,,,
-528618.6,449.80,,,,
-527623.6,440.67,,,,
-526750.6,463.67,,,,
-526243.9,519.67,,,,
-525928.1,518.33,,,,
-525140.4,528.90,,,,
-524364.1,541.00,,,,
-523635.4,538.00,,,,
-522872.6,533.67,,,,
-522127.9,517.80,,,,
-521366.9,533.67,,,,
-520639.8,516.00,,,,
-519954.8,535.00,,,,
-519310.9,521.90,,,,
-518647.2,524.00,,,,
-516721.8,499.10,,,,
-516095.4,512.33,,,,
-515467,507.33,,,,
-514821.8,508.00,,,,
-514453.7,501.33,,,,
-514178.7,477.40,,,,
-513807.7,482.67,,,,
-513544.6,519.33,,,,
-512855.2,507.00,,,,
-512168,496.33,,,,
-511447.1,488.30,,,,
-510716.6,486.00,,,,
-509975.8,487.00,,,,
-509239.8,495.00,,,,
-508491.9,519.60,,,,
-507714.9,533.33,,,,
-506956.8,556.67,,,,
-506165.4,582.00,,,,
-505449.5,573.20,,,,
-504741.7,601.33,,,,
-503998.6,579.33,,,,
-503205.1,524.00,,,,
-502529.8,566.40,,,,
-501854.8,549.00,,,,
-501088.2,515.33,,,,
-500298.8,517.33,,,,
-499620.9,521.90,,,,
-498826.6,511.67,,,,
-498068.3,495.67,,,,
-497326.3,499.33,,,,
-496576.6,509.10,,,,
-495823.1,506.00,,,,
-495059.5,516.33,,,,
-494322,521.67,,,,
-493563.1,514.30,,,,
-492788.2,495.67,,,,
-491993.3,517.00,,,,
-491212.3,500.00,,,,
-490438.3,500.50,,,,
-489656.3,534.33,,,,
-488880.2,584.00,,,,
-488164.7,558.33,,,,
-487433.8,587.50,,,,
-486693.1,624.00,,,,
-485982.9,615.33,,,,
-485269.5,583.33,,,,
-484505.4,582.60,,,,
-483767.4,568.67,,,,
-482970.3,543.00,,,,
-482155.8,543.67,,,,
-481326.9,516.40,,,,
-480457.6,506.67,,,,
-479602.3,504.33,,,,
-478687.1,491.67,,,,
-478134.7,503.67,,,,
-477759.6,531.10,,,,
-476752,496.00,,,,
-475725.3,528.00,,,,
-474821.8,517.00,,,,
-473833.5,504.10,,,,
-472781.5,474.67,,,,
-471723.5,456.00,,,,
-470675.6,440.00,,,,
-469662.4,481.80,,,,
-468522.7,482.33,,,,
-467473.2,442.67,,,,
-466429.9,429.67,,,,
-465727.4,491.33,,,,
-465120.3,490.90,,,,
-463719.2,442.00,,,,
-462299.8,447.67,,,,
-460896.8,491.33,,,,
-460139.5,463.00,,,,
-459597.1,521.40,,,,
-458767.3,424.33,,,,
-458209.5,408.67,,,,
-456941.2,398.00,,,,
-455474.4,408.33,,,,
-454060.5,412.40,,,,
-453290.1,434.00,,,,
-452735.7,467.67,,,,
-451942,486.00,,,,
-451474.2,426.33,,,,
-450249.3,402.67,,,,
-449151.4,383.70,,,,
-447962.4,381.00,,,,
-446738.2,388.67,,,,
-445664.2,427.33,,,,
-444981,506.33,,,,
-444629.2,474.33,,,,
-443811.8,452.00,,,,
-443273.1,408.67,,,,
-442632.3,427.33,,,,
-442235.8,491.00,,,,
-441582.9,439.00,,,,
-441117.2,438.67,,,,
-439925.5,437.51,,,,
-438720.3,400.00,,,,
-438146.1,404.50,,,,
-436480.6,391.50,,,,
-435708.1,394.70,,,,
-434512.9,384.70,,,,
-433365.4,380.60,,,,
-432151.8,380.60,,,,
-431120.1,391.50,,,,
-429964.4,389.20,,,,
-429244.3,393.60,,,,
-428848.4,384.50,,,,
-428082.5,380.10,,,,
-427838.8,382.30,,,,
-427183.3,405.70,,,,
-426828.7,472.30,,,,
-425900.8,417.90,,,,
-425435.1,411.50,,,,
-425131.8,465.33,,,,
-424663,458.70,,,,
-424446.7,462.60,,,,
-424076.8,456.60,,,,
-423663.2,507.70,,,,
-423278.6,502.80,,,,
-423223.8,497.50,,,,
-423016.8,584.10,,,,
-422934.3,605.20,,,,
-422766.2,618.30,,,,
-422458.2,603.50,,,,
-422265.7,598.00,,,,
-421876.3,622.20,,,,
-421401.2,648.60,,,,
-421069,660.15,,,,
-420596.2,689.40,,,,
-420206.6,671.80,,,,
-420031.3,688.80,,,,
-419614.5,684.00,,,,
-419406.1,702.70,,,,
-418791.5,699.30,,,,
-418496.4,678.20,,,,
-418290.7,695.10,,,,
-417925.8,673.90,,,,
-417724.6,686.60,,,,
-417415.7,665.40,,,,
-416940.4,654.80,,,,
-416671.9,660.40,,,,
-416366.3,657.60,,,,
-416154.6,635.00,,,,
-415813.2,668.20,,,,
-415618.1,646.50,,,,
-415307.4,670.70,,,,
-415131.7,633.70,,,,
-414621.1,633.30,,,,
-414309.6,629.60,,,,
-414086.8,623.10,,,,
-413835.1,619.70,,,,
-413618.1,638.80,,,,
-413131.6,638.40,,,,
-412625.5,676.60,,,,
-412082.2,695.70,,,,
-411611.1,690.30,,,,
-411117.4,656.10,,,,
-410631.8,658.90,,,,
-410111.9,711.50,,,,
-409661,700.10,,,,
-409221.4,694.10,,,,
-408789.2,701.20,,,,
-408357.1,713.00,,,,
-407920.1,709.70,,,,
-407524.2,699.40,,,,
-407115.4,714.30,,,,
-406740.2,710.70,,,,
-406359.5,694.60,,,,
-405958.8,681.00,,,,
-405593.9,710.10,,,,
-405222.3,736.00,,,,
-404873.4,691.10,,,,
-404503.2,672.33,,,,
-404119,707.50,,,,
-403777.6,699.90,,,,
-403418.4,659.00,,,,
-403059,662.90,,,,
-402715.1,661.30,,,,
-402304.2,674.00,,,,
-401951.1,664.00,,,,
-401601.6,681.20,,,,
-401229.1,653.20,,,,
-400865.6,640.20,,,,
-400504.7,642.00,,,,
-400139.8,646.20,,,,
-399758.9,633.30,,,,
-399385.8,626.90,,,,
-399028.9,628.00,,,,
-398642.1,662.40,,,,
-398253.6,606.81,,,,
-397858.3,606.50,,,,
-397465.2,580.40,,,,
-397070.3,592.90,,,,
-396644.6,608.30,,,,
-396224.7,612.30,,,,
-395811.4,600.00,,,,
-395388.6,605.00,,,,
-394964.4,590.10,,,,
-394573.6,601.80,,,,
-394107.1,594.00,,,,
-393604.2,602.70,,,,
-393178,585.20,,,,
-392727,593.50,,,,
-392245.5,549.60,,,,
-391748.8,562.00,,,,
-391243.2,484.90,,,,
-390715.6,498.40,,,,
-390195.4,489.20,,,,
-389581.7,488.40,,,,
-389024.7,505.80,,,,
-388440.2,525.20,,,,
-387821.4,567.80,,,,
-387165.4,471.50,,,,
-386472.3,452.40,,,,
-385817.6,462.70,,,,
-385227.7,531.00,,,,
-384664.6,637.30,,,,
-384079.6,594.10,,,,
-383501.6,577.00,,,,
-382907.2,552.50,,,,
-382340.6,560.90,,,,
-381763.2,536.40,,,,
-381175,481.60,,,,
-380596.6,587.40,,,,
-380005.4,600.60,,,,
-379472.7,547.90,,,,
-378913.3,543.70,,,,
-378306.1,547.70,,,,
-377756.6,484.50,,,,
-377168.8,494.10,,,,
-375379.7,442.00,,,,
-374756.1,444.60,,,,
-374155.9,432.90,,,,
-373500.9,425.90,,,,
-372835.3,426.20,,,,
-372141.6,445.20,,,,
-371516.5,451.10,,,,
-370943.2,540.30,,,,
-370377.5,523.40,,,,
-369812.6,501.60,,,,
-369183.9,491.10,,,,
-368546.5,508.20,,,,
-367967.4,517.90,,,,
-367373.8,444.00,,,,
-366788.3,421.80,,,,
-366124.3,421.70,,,,
-365480.6,459.50,,,,
-364899.5,403.10,,,,
-364256.1,415.80,,,,
-363627,460.10,,,,
-362992.1,416.20,,,,
-362318.8,448.50,,,,
-361698.8,413.30,,,,
-361092.8,486.50,,,,
-360490.8,432.70,,,,
-359892.3,465.90,,,,
-359271.6,420.20,,,,
-358562.6,415.10,,,,
-357913,456.20,,,,
-357252.1,417.60,,,,
-356624.3,416.70,,,,
-355907,431.10,,,,
-355244,434.60,,,,
-354553.9,420.40,,,,
-353891.9,404.20,,,,
-353255.1,402.90,,,,
-352586.1,405.80,,,,
-351893.6,395.30,,,,
-351272.2,404.80,,,,
-350695.5,397.30,,,,
-349809.2,403.33,,,,
-349475.7,414.20,,,,
-348505.6,402.33,,,,
-348219,391.80,,,,
-347395.9,406.67,,,,
-347095.8,459.00,,,,
-346222.9,421.33,,,,
-345901.9,403.10,,,,
-345253.9,417.00,,,,
-344658,391.30,,,,
-343728.7,389.33,,,,
-343401,373.95,,,,
-342532.9,368.00,,,,
-342161.4,374.50,,,,
-341470.9,365.80,,,,
-340886.4,370.40,,,,
-339890.3,393.67,,,,
-339541.4,395.40,,,,
-338576,439.00,,,,
-338259.7,449.30,,,,
-337446.9,459.67,,,,
-337172.1,464.50,,,,
-336657.2,444.90,,,,
-336615.1,445.00,,,,
-336150.9,452.50,,,,
-335464.1,486.00,,,,
-335237.4,485.80,,,,
-334702.2,504.00,,,,
-334493.1,496.20,,,,
-333995.9,531.00,,,,
-333798.2,537.00,,,,
-333360.4,566.00,,,,
-333212.1,569.60,,,,
-332827.8,597.00,,,,
-332687.2,580.70,,,,
-332336,652.00,,,,
-332193.5,631.00,,,,
-331888.7,607.33,,,,
-331768.4,603.80,,,,
-331554.2,589.80,,,,
-331333.9,599.20,,,,
-331038.3,797.00,,,,
-330925.4,798.20,,,,
-330625.7,776.33,,,,
-330506.9,738.00,,,,
-330198.6,726.00,,,,
-330090,721.30,,,,
-329832.1,672.70,,,,
-329475,649.33,,,,
-329338.4,636.40,,,,
-328950.2,637.33,,,,
-328804.8,615.30,,,,
-328430.8,637.00,,,,
-328291.5,620.90,,,,
-327919.5,663.33,,,,
-327777.3,643.00,,,,
-327375.8,657.67,,,,
-327229.1,635.70,,,,
-326792.3,669.00,,,,
-326131.6,657.40,,,,
-325750.6,662.00,,,,
-325613.4,642.00,,,,
-325219,654.00,,,,
-325076.6,644.30,,,,
-324673.2,634.33,,,,
-324536.6,611.00,,,,
-324147.9,634.67,,,,
-323999.7,633.20,,,,
-323604.8,644.33,,,,
-323467.1,626.10,,,,
-323046.5,617.33,,,,
-322891.2,612.20,,,,
-322459.1,589.67,,,,
-322290.5,580.20,,,,
-321862.9,568.00,,,,
-321722,592.50,,,,
-321278.2,556.67,,,,
-321113.8,544.50,,,,
-320626,532.67,,,,
-320455.9,518.50,,,,
-319959.7,528.33,,,,
-319781.1,519.30,,,,
-319264.4,528.67,,,,
-319073.3,520.80,,,,
-318521.6,503.33,,,,
-318318.4,497.70,,,,
-317714.9,480.00,,,,
-317510.6,477.50,,,,
-316886.6,479.00,,,,
-316669.5,480.81,,,,
-316059.3,480.00,,,,
-315850.6,444.60,,,,
-315280.4,458.67,,,,
-315077.4,464.56,,,,
-314522.3,515.33,,,,
-314339,607.30,,,,
-313812.5,635.33,,,,
-313614.8,597.70,,,,
-313094.8,606.00,,,,
-312904.9,618.20,,,,
-312348.2,634.00,,,,
-312159.6,552.90,,,,
-311600.5,568.33,,,,
-311435.8,547.50,,,,
-310919.7,540.33,,,,
-310722.9,522.20,,,,
-310100.8,516.00,,,,
-309912,514.50,,,,
-309283,517.00,,,,
-309077.3,469.50,,,,
-308482.7,492.67,,,,
-308246.2,460.63,,,,
-307610,460.33,,,,
-307372.2,466.50,,,,
-306719.9,509.33,,,,
-306499.8,477.80,,,,
-305844.6,465.67,,,,
-305605.7,458.70,,,,
-304918.9,485.00,,,,
-304688.2,459.30,,,,
-304054,448.67,,,,
-303852.3,451.12,,,,
-303286.5,505.33,,,,
-303096.9,498.46,,,,
-302521.5,489.67,,,,
-302312,490.57,,,,
-301687.1,477.00,,,,
-301482.4,466.40,,,,
-300898.3,462.33,,,,
-300667.4,456.19,,,,
-300106.4,453.00,,,,
-299873.5,453.20,,,,
-299191.8,487.33,,,,
-298970.8,459.40,,,,
-298372.3,520.00,,,,
-298171.7,517.50,,,,
-297788.1,496.28,,,,
-297140.6,518.00,,,,
-296942.9,518.80,,,,
-296235.1,490.67,,,,
-295995.4,466.64,,,,
-295315,505.00,,,,
-295109.8,487.55,,,,
-294516.4,524.00,,,,
-294307.6,586.60,,,,
-293715.4,564.33,,,,
-293508.3,552.00,,,,
-292844.6,500.67,,,,
-292583.8,488.60,,,,
-291916.2,520.67,,,,
-291676.4,482.40,,,,
-291008.9,453.67,,,,
-290817.7,444.20,,,,
-290438.2,453.25,,,,
-290079.2,448.10,,,,
-289683.2,458.80,,,,
-289278.5,454.30,,,,
-288218.4,524.00,,,,
-287901.1,546.90,,,,
-287574.7,531.40,,,,
-287240.7,529.90,,,,
-286883.2,532.30,,,,
-286531.5,510.90,,,,
-286176.4,520.90,,,,
-285877,513.80,,,,
-285544.6,528.80,,,,
-285208.9,520.15,,,,
-284887.7,506.50,,,,
-284545.1,500.00,,,,
-284185.8,495.20,,,,
-283838.9,485.80,,,,
-283481.4,469.60,,,,
-283120.3,457.40,,,,
-282782.8,476.50,,,,
-282415.6,464.60,,,,
-282036,508.50,,,,
-281661,498.60,,,,
-281303.2,471.00,,,,
-280941,452.70,,,,
-280560.5,425.10,,,,
-280171.2,468.40,,,,
-279782.4,456.90,,,,
-279351.7,447.90,,,,
-278942.6,461.60,,,,
-278396.2,473.00,,,,
-278197.3,454.80,,,,
-277817.5,463.00,,,,
-277362.9,419.70,,,,
-276760.3,438.40,,,,
-276506.2,428.45,,,,
-275845.2,465.80,,,,
-275599.3,479.50,,,,
-275151.3,451.85,,,,
-274723.7,467.30,,,,
-274320.1,503.80,,,,
-273874.4,478.80,,,,
-273407.5,455.20,,,,
-272933.7,475.40,,,,
-272465.7,463.40,,,,
-271998.1,467.40,,,,
-271552.5,482.80,,,,
-270832.7,451.40,,,,
-270561.9,470.20,,,,
-269882.1,445.37,,,,
-269656.6,453.00,,,,
-269167.4,458.40,,,,
-268697.5,440.90,,,,
-268251.9,460.00,,,,
-267592.9,439.00,,,,
-267347.8,454.20,,,,
-266897.9,423.40,,,,
-266445.5,454.20,,,,
-266005.3,418.10,,,,
-265566.5,413.80,,,,
-265117.7,425.30,,,,
-264678.9,384.19,,,,
-264279.9,416.60,,,,
-263843.2,422.40,,,,
-263418.5,411.90,,,,
-263027.7,414.50,,,,
-262645.3,398.40,,,,
-262272.6,417.20,,,,
-261892.8,413.70,,,,
-261511.9,461.90,,,,
-261190.8,508.70,,,,
-260795.1,481.50,,,,
-260386.5,480.00,,,,
-259998,442.50,,,,
-259608.8,423.50,,,,
-259206.9,451.80,,,,
-258849,455.70,,,,
-258456.2,433.50,,,,
-258066.7,451.40,,,,
-257721.1,473.40,,,,
-257328.7,430.25,,,,
-256941.1,495.80,,,,
-256562,509.80,,,,
-256213.2,492.70,,,,
-255671.6,450.10,,,,
-255489.7,464.90,,,,
-255128.3,483.40,,,,
-254743.4,466.00,,,,
-254349.8,474.80,,,,
-254016.2,448.10,,,,
-253597.4,422.20,,,,
-253204,441.70,,,,
-252836.7,405.20,,,,
-252492.4,420.20,,,,
-251959.4,427.30,,,,
-251738.3,425.85,,,,
-251351,398.20,,,,
-250980.1,400.50,,,,
-250592.4,396.20,,,,
-250206.6,395.20,,,,
-249781.5,400.80,,,,
-248669.7,431.80,,,,
-248311.1,408.40,,,,
-247957.4,413.40,,,,
-247595.7,410.00,,,,
-247229.4,408.20,,,,
-246900.7,465.80,,,,
-246578,472.80,,,,
-246088.4,539.60,,,,
-245911,524.80,,,,
-245612.6,524.70,,,,
-245122.5,544.80,,,,
-244934.3,507.50,,,,
-244582.3,513.10,,,,
-244242.7,485.50,,,,
-243933.7,475.30,,,,
-243644.8,494.00,,,,
-243272.4,503.00,,,,
-243129.7,501.80,,,,
-242899.7,519.00,,,,
-242659.6,523.30,,,,
-242435.2,528.20,,,,
-242204.8,528.00,,,,
-241971.9,541.20,,,,
-241755.5,546.10,,,,
-241488.3,557.70,,,,
-241396,537.90,,,,
-240973.1,541.80,,,,
-240882.5,525.00,,,,
-240722.7,519.20,,,,
-240647.2,515.33,,,,
-240559.5,520.90,,,,
-240406.2,539.20,,,,
-240328.4,523.00,,,,
-240248.2,594.30,,,,
-240096.1,680.00,,,,
-240027,696.00,,,,
-239957,673.40,,,,
-239804.4,653.40,,,,
-239739.8,667.33,,,,
-239667.3,648.20,,,,
-239427.7,661.23,,,,
-239328.5,641.30,,,,
-239153.6,622.70,,,,
-239074.9,627.00,,,,
-238987.4,610.90,,,,
-238810.5,615.70,,,,
-238720.5,616.00,,,,
-238628.8,609.20,,,,
-238440.8,599.00,,,,
-238353.1,605.67,,,,
-238262.5,600.70,,,,
-238076.7,591.80,,,,
-237984.3,597.00,,,,
-237885,594.15,,,,
-237711.3,562.30,,,,
-237624.3,577.33,,,,
-237540.2,566.10,,,,
-237318.2,563.80,,,,
-237203.7,578.67,,,,
-237098.5,564.50,,,,
-236998.4,559.15,,,,
-236897.7,549.00,,,,
-236803.8,587.67,,,,
-236690.5,549.20,,,,
-236464.7,549.70,,,,
-236368.4,566.00,,,,
-236158.9,553.70,,,,
-236030.6,557.10,,,,
-235924.3,565.00,,,,
-235815.2,539.00,,,,
-235482,547.65,,,,
-235359,545.10,,,,
-235158.4,543.10,,,,
-235041.7,554.00,,,,
-234911.5,529.30,,,,
-234661,518.40,,,,
-234439.5,511.90,,,,
-234150.6,481.15,,,,
-233969.8,508.15,,,,
-233742.2,498.80,,,,
-233477.1,478.20,,,,
-233128.3,461.90,,,,
-232987.1,519.23,,,,
-232731.2,452.50,,,,
-232480.5,433.40,,,,
-232199.3,425.50,,,,
-231924.4,429.90,,,,
-231642.5,456.80,,,,
-231377.1,429.20,,,,
-231102.7,419.40,,,,
-230811.3,434.20,,,,
-230483.9,440.20,,,,
-230184.7,432.80,,,,
-229894,429.30,,,,
-229454.9,431.40,,,,
-229259.7,428.80,,,,
-228913.6,417.30,,,,
-228571.5,456.20,,,,
-228230.9,506.33,,,,
-227927.3,474.30,,,,
-227470.8,464.30,,,,
-227310.6,472.50,,,,
-226991.5,471.40,,,,
-226642.2,489.50,,,,
-226297.2,516.80,,,,
-225938,490.50,,,,
-225582.2,504.30,,,,
-225235.2,502.60,,,,
-224763.2,546.80,,,,
-224587.3,547.00,,,,
-224306.1,532.00,,,,
-223956.4,555.90,,,,
-222950.3,515.70,,,,
-222737.2,496.10,,,,
-222381.5,475.80,,,,
-221918.2,504.15,,,,
-221652.1,463.95,,,,
-221316.2,489.20,,,,
-220979.1,542.50,,,,
-220629,519.10,,,,
-220338.2,528.20,,,,
-220034.7,503.60,,,,
-219693.6,495.40,,,,
-219373.9,500.70,,,,
-219038,488.20,,,,
-218728.5,490.90,,,,
-218426.1,484.00,,,,
-218114.8,476.50,,,,
-217825.3,537.60,,,,
-217542.5,507.60,,,,
-217266.4,488.80,,,,
-216997.6,469.40,,,,
-216733,460.50,,,,
-216475.2,495.40,,,,
-216217.9,459.60,,,,
-215816.7,452.70,,,,
-215691.6,445.30,,,,
-215456.1,451.90,,,,
-215216.4,443.10,,,,
-214989.7,454.40,,,,
-214452.4,479.80,,,,
-213964.5,456.90,,,,
-213480.9,505.67,,,,
-213015.3,568.60,,,,
-212568.5,561.33,,,,
-212102.3,590.70,,,,
-211638.1,573.67,,,,
-211179.3,573.20,,,,
-210742,585.67,,,,
-210311.4,583.00,,,,
-209851.5,576.70,,,,
-209400,593.20,,,,
-208954.1,579.33,,,,
-208528.4,558.30,,,,
-208103.3,565.33,,,,
-207662.6,547.90,,,,
-207202.5,532.33,,,,
-206762.9,511.00,,,,
-206403.3,515.00,,,,
-205835.9,504.40,,,,
-205390.3,512.60,,,,
-204902.1,499.20,,,,
-204401.2,487.00,,,,
-203931.5,505.50,,,,
-203425.8,490.00,,,,
-202936.1,487.70,,,,
-202401.2,462.00,,,,
-201846.6,493.00,,,,
-201301.8,435.67,,,,
-200725.6,489.40,,,,
-200213,466.30,,,,
-199708.6,541.30,,,,
-199343.5,538.67,,,,
-198791.2,529.70,,,,
-198398.2,539.00,,,,
-197400,627.33,,,,
-196953.6,667.50,,,,
-196515,609.33,,,,
-196085.7,598.40,,,,
-195632,579.40,,,,
-195165.1,588.80,,,,
-194666.2,564.33,,,,
-194154.4,548.00,,,,
-193655.3,534.00,,,,
-193112.9,530.10,,,,
-192550.4,487.67,,,,
-191965.4,472.10,,,,
-191329.1,493.33,,,,
-190741.6,502.80,,,,
-190150.3,511.90,,,,
-189652.2,495.50,,,,
-189120.2,471.00,,,,
-188309.4,470.00,,,,
-187650.5,432.33,,,,
-187072.5,423.30,,,,
-186546.5,425.00,,,,
-185981.4,461.85,,,,
-185465.6,446.00,,,,
-184962.1,436.50,,,,
-184255.8,447.20,,,,
-183592.6,458.70,,,,
-182905.3,475.67,,,,
-182257.7,513.90,,,,
-181766.4,532.00,,,,
-180964.6,529.90,,,,
-180323.2,527.67,,,,
-179614.1,495.90,,,,
-179069.2,496.33,,,,
-178269.5,489.90,,,,
-177626.7,451.90,,,,
-176969.1,482.50,,,,
-176470.6,479.33,,,,
-175827.6,541.60,,,,
-175301.1,550.33,,,,
-174724,546.80,,,,
-174079.2,499.00,,,,
-173390.7,466.10,,,,
-172788.6,471.33,,,,
-172236.1,457.30,,,,
-171683,427.30,,,,
-171188.6,455.90,,,,
-170480.1,433.00,,,,
-169396.5,480.00,,,,
-168816,484.20,,,,
-168213.4,447.50,,,,
-167602.7,442.30,,,,
-167050.5,478.00,,,,
-166542.4,444.90,,,,
-166061.3,495.90,,,,
-165539.9,495.30,,,,
-164956.6,479.33,,,,
-164359.5,449.30,,,,
-163782.6,433.00,,,,
-163198.4,423.80,,,,
-162599.2,383.50,,,,
-162023.9,392.90,,,,
-161415,417.00,,,,
-160896.2,410.90,,,,
-160371.1,442.00,,,,
-159839.6,413.00,,,,
-159388.7,423.67,,,,
-158660.9,410.10,,,,
-158058.2,415.33,,,,
-157526.4,406.90,,,,
-157047.7,440.00,,,,
-156569.6,407.20,,,,
-156047.2,410.00,,,,
-155480.7,400.20,,,,
-154832.8,421.70,,,,
-154208,399.20,,,,
-153614.5,406.67,,,,
-153071.8,384.50,,,,
-152514.6,393.33,,,,
-151972.2,402.60,,,,
-151388.3,401.50,,,,
-150831.3,413.00,,,,
-150410.9,425.67,,,,
-149764.5,422.00,,,,
-149233.2,432.20,,,,
-148698,400.10,,,,
-148176.3,404.33,,,,
-147685.7,441.20,,,,
-147240.1,432.67,,,,
-146632,427.80,,,,
-146084.1,470.67,,,,
-145559.4,423.40,,,,
-145097.6,421.00,,,,
-144482.5,409.80,,,,
-144078.8,402.30,,,,
-143448.7,390.90,,,,
-142883.7,375.33,,,,
-142352.1,400.88,,,,
-141848.9,401.33,,,,
-141259.8,385.10,,,,
-140827.4,375.33,,,,
-140216.7,368.10,,,,
-139667.6,359.00,,,,
-139124.6,349.10,,,,
-138567.8,342.40,,,,
-138021.2,357.70,,,,
-137455.1,432.33,,,,
-136919,367.60,,,,
-136501,405.67,,,,
-135868.8,394.90,,,,
-135574.5,394.67,,,,
-134855.5,375.00,,,,
-134422.2,408.67,,,,
-133852.9,381.50,,,,
-133351.9,403.60,,,,
-132850.1,415.10,,,,
-132438.7,436.33,,,,
-132034.3,427.50,,,,
-131653.1,506.33,,,,
-131289.4,448.80,,,,
-130925.9,460.33,,,,
-130596.2,461.70,,,,
-130257.7,461.33,,,,
-129955.9,455.80,,,,
-129674.2,479.20,,,,
-129401.1,494.10,,,,
-129162.8,493.00,,,,
-128924.5,487.10,,,,
-128689.7,518.00,,,,
-128459,521.20,,,,
-128283.1,499.33,,,,
-128060.6,512.10,,,,
-127856.2,515.00,,,,
-127678.5,531.00,,,,
-127494.5,550.70,,,,
-127323.8,551.50,,,,
-127147.1,536.67,,,,
-126971.4,534.50,,,,
-126800.1,644.00,,,,
-126635,725.50,,,,
-126472.9,722.33,,,,
-126320,703.60,,,,
-126158.4,715.00,,,,
-125982.5,706.00,,,,
-125823.5,692.10,,,,
-125687.1,678.80,,,,
-125646.4,681.10,,,,
-125471.1,677.00,,,,
-125277.8,670.30,,,,
-125080.2,646.00,,,,
-124905.6,650.40,,,,
-124728.9,651.33,,,,
-124536.5,639.70,,,,
-124321.5,659.67,,,,
-124108.7,650.20,,,,
-123914.7,657.88,,,,
-123683.9,655.70,,,,
-123486,646.67,,,,
-123274.9,642.20,,,,
-123070.9,641.67,,,,
-122872.3,626.60,,,,
-122703.6,632.00,,,,
-122439.9,621.80,,,,
-122243.1,621.33,,,,
-122048.4,613.50,,,,
-121850.2,611.10,,,,
-121639.2,616.30,,,,
-121438,615.00,,,,
-121231.5,608.30,,,,
-121052.6,606.83,,,,
-120817,606.50,,,,
-120605.4,599.00,,,,
-120406.5,608.40,,,,
-120210.6,607.33,,,,
-119997.3,608.70,,,,
-119791.9,603.20,,,,
-119586.2,609.80,,,,
-119384.1,613.00,,,,
-119173.1,600.80,,,,
-118964.7,598.00,,,,
-118763.4,613.30,,,,
-118546.9,590.67,,,,
-118323.1,567.80,,,,
-118119.7,575.67,,,,
-117891.7,566.40,,,,
-117679.3,571.20,,,,
-117462.1,566.50,,,,
-117290.1,590.67,,,,
-117013,578.50,,,,
-116793.5,577.67,,,,
-116559,565.40,,,,
-116319.2,578.67,,,,
-116085.6,544.70,,,,
-115865.7,548.00,,,,
-115390.1,546.20,,,,
-115145,533.30,,,,
-114892.3,543.67,,,,
-114649.2,528.00,,,,
-114388.1,504.33,,,,
-114122.5,495.10,,,,
-113862.5,501.00,,,,
-113586.3,496.00,,,,
-113315.4,501.33,,,,
-113052.4,472.20,,,,
-112778.8,473.60,,,,
-112506.2,473.10,,,,
-111937.4,470.70,,,,
-111646.1,470.67,,,,
-111383.5,451.00,,,,
-111002.8,466.67,,,,
-110683.4,463.55,,,,
-110360.7,455.00,,,,
-110035.1,455.50,,,,
-109699.4,474.30,,,,
-109359.2,472.70,,,,
-109032.2,496.33,,,,
-108719.7,491.70,,,,
-108380,504.67,,,,
-108043.2,502.40,,,,
-107698.7,508.67,,,,
-107360.7,495.10,,,,
-107011.5,507.67,,,,
-106626.5,485.60,,,,
-106234.6,474.70,,,,
-105868.1,464.00,,,,
-105530.1,460.00,,,,
-105207.2,444.80,,,,
-104898.8,483.00,,,,
-104597.7,590.50,,,,
-104325.6,595.33,,,,
-104041.7,601.40,,,,
-103749,617.67,,,,
-103414.2,572.00,,,,
-103084.3,595.80,,,,
-102773.9,602.00,,,,
-102469.8,581.33,,,,
-102154.2,573.30,,,,
-101837.3,559.00,,,,
-101508.4,515.40,,,,
-101206.6,498.33,,,,
-100892.9,469.50,,,,
-100592.3,472.33,,,,
-100294.7,508.90,,,,
-100072.4,490.80,,,,
-99740.6,510.90,,,,
-99481.1,542.33,,,,
-99219.1,538.00,,,,
-98948.9,547.00,,,,
-98669.2,537.40,,,,
-98378.7,547.00,,,,
-98074.2,529.50,,,,
-97805.3,530.33,,,,
-97542,525.10,,,,
-97272.5,525.80,,,,
-96992.1,526.20,,,,
-96715.5,523.67,,,,
-96443,512.00,,,,
-96194.7,511.33,,,,
-95934.3,506.00,,,,
-95672.2,504.67,,,,
-95396.1,487.40,,,,
-95134.7,491.00,,,,
-94876.2,501.10,,,,
-94607.1,495.00,,,,
-94348.1,478.90,,,,
-94070.9,485.67,,,,
-93808.8,464.20,,,,
-93537.9,453.00,,,,
-93285.8,434.90,,,,
-93013,442.00,,,,
-92751.3,452.60,,,,
-92506.5,436.33,,,,
-92247.9,453.90,,,,
-91990.8,434.00,,,,
-91732.8,442.10,,,,
-91481.3,435.67,,,,
-90941.5,439.00,,,,
-90662.2,441.90,,,,
-90396,437.33,,,,
-90113.1,436.90,,,,
-89846.5,447.33,,,,
-89601.9,447.50,,,,
-89288,432.30,,,,
-89012,436.60,,,,
-88743.5,460.67,,,,
-88449.7,447.30,,,,
-88164.1,445.00,,,,
-87631,463.33,,,,
-87372.2,475.80,,,,
-87111.4,493.67,,,,
-86828.2,494.30,,,,
-86558.8,500.87,,,,
-86250.5,507.80,,,,
-85950.7,502.33,,,,
-85664.2,506.50,,,,
-85389.5,479.67,,,,
-85054.4,445.60,,,,
-84776.4,448.00,,,,
-84521.6,428.50,,,,
-84258.4,468.00,,,,
-83996.1,425.20,,,,
-83816.3,429.20,,,,
-83491.4,454.10,,,,
-83254.9,452.33,,,,
-82999.4,442.80,,,,
-82751.1,450.33,,,,
-82511.1,444.70,,,,
-82275.1,464.00,,,,
-82022.3,465.00,,,,
-81788.8,485.33,,,,
-81561,514.60,,,,
-81326.5,559.70,,,,
-81116.6,631.30,,,,
-80916,629.33,,,,
-80689.5,622.30,,,,
-80468.1,616.33,,,,
-80262.1,616.70,,,,
-80033.4,605.50,,,,
-79791.1,571.00,,,,
-79573.5,595.33,,,,
-79334,576.10,,,,
-79126.3,584.00,,,,
-78851.9,547.60,,,,
-78619.7,549.33,,,,
-78371.9,549.80,,,,
-78153.6,535.33,,,,
-77923.9,563.00,,,,
-77675.6,536.00,,,,
-77447.7,514.90,,,,
-77196.6,515.00,,,,
-76960.5,512.30,,,,
-76695.5,496.98,,,,
-76415.5,487.40,,,,
-76200.2,477.00,,,,
-75935.2,463.30,,,,
-75644.3,450.33,,,,
-75367,475.10,,,,
-75106.3,472.00,,,,
-74846.2,441.60,,,,
-74579.2,441.67,,,,
-74291,465.80,,,,
-74022.1,422.20,,,,
-73762.1,437.50,,,,
-73474.6,424.33,,,,
-73188.8,414.80,,,,
-72934.7,415.67,,,,
-72681.3,460.70,,,,
-72441,476.67,,,,
-72206.9,467.10,,,,
-71966.1,469.00,,,,
-71735.1,460.70,,,,
-71482.9,451.10,,,,
-71175.3,452.30,,,,
-70904.1,447.67,,,,
-70579,452.80,,,,
-70258.7,457.33,,,,
-69941,432.10,,,,
-69660.9,432.00,,,,
-69403.2,430.90,,,,
-69148.4,448.67,,,,
-68915.6,481.50,,,,
-68683.3,475.40,,,,
-68494.6,469.80,,,,
-68221.2,472.67,,,,
-67982.7,489.80,,,,
-67636.3,450.33,,,,
-67410.3,462.10,,,,
-67026,460.00,,,,
-66734.3,473.70,,,,
-66329.4,456.00,,,,
-66086,450.70,,,,
-65782.4,479.60,,,,
-65482.3,470.50,,,,
-65126.2,452.67,,,,
-64867.7,459.30,,,,
-64538.7,449.33,,,,
-64305.1,460.70,,,,
-63976.1,444.00,,,,
-63665.2,475.60,,,,
-63308.9,456.67,,,,
-63034,461.10,,,,
-62703.9,461.90,,,,
-62400,439.70,,,,
-62067.2,434.00,,,,
-61817,488.80,,,,
-61482.2,484.00,,,,
-61253,467.50,,,,
-60868.7,444.00,,,,
-60605.5,443.70,,,,
-60251.8,430.00,,,,
-60007.1,438.70,,,,
-59696.9,430.80,,,,
-59100.8,431.67,,,,
-58898.2,436.61,,,,
-58862,412.00,,,,
-58597.8,425.33,,,,
-58390.5,430.10,,,,
-58098.6,426.33,,,,
-57914.9,442.70,,,,
-57640.3,425.00,,,,
-57416,434.90,,,,
-57103.6,441.80,,,,
-56930,454.20,,,,
-56660.1,523.00,,,,
-56441.3,502.10,,,,
-56207.7,554.00,,,,
-56042.7,561.10,,,,
-55771.2,519.67,,,,
-55585.6,514.80,,,,
-55306.4,541.67,,,,
-54893.1,553.90,,,,
-54840,542.90,,,,
-54642.3,550.10,,,,
-54366.2,546.00,,,,
-53856.6,483.00,,,,
-53845.6,534.20,,,,
-53642.4,466.00,,,,
-53338.1,460.67,,,,
-53135.1,514.37,,,,
-52880.6,475.67,,,,
-52452.7,461.60,,,,
-52150.3,437.04,,,,
-51922,438.00,,,,
-51738.5,438.15,,,,
-51481.6,513.00,,,,
-51248.7,535.10,,,,
-51039.4,530.00,,,,
-50864,529.30,,,,
-50582.2,542.67,,,,
-50398.5,566.50,,,,
-50169.7,526.60,,,,
-49933.2,530.90,,,,
-49670.8,517.00,,,,
-49476.5,544.03,,,,
-49193.8,515.00,,,,
-48970.8,510.15,,,,
-48672.4,493.00,,,,
-48490.5,489.02,,,,
-48241.6,469.67,,,,
-47940,491.65,,,,
-47765.5,451.80,,,,
-47538.2,433.50,,,,
-47307.4,464.00,,,,
-46988.5,461.23,,,,
-46727.5,435.00,,,,
-46223,414.00,,,,
-46002.4,452.80,,,,
-45718.3,436.67,,,,
-45521.1,424.50,,,,
-45270.9,441.40,,,,
-45237.7,432.10,,,,
-45038.2,440.27,,,,
-44794.9,493.00,,,,
-44598.5,499.35,,,,
-44389.4,514.00,,,,
-44263.5,497.47,,,,
-43927.2,499.33,,,,
-43748.1,487.05,,,,
-43464.1,466.67,,,,
-43284,489.81,,,,
-43038.9,461.67,,,,
-42724.6,468.67,,,,
-42452.6,427.33,,,,
-42212.2,430.60,,,,
-41912.9,411.33,,,,
-41639.7,415.43,,,,
-41486.5,437.40,,,,
-41395.2,463.00,,,,
-41168.7,481.50,,,,
-41086,486.30,,,,
-40934,470.00,,,,
-40889.4,471.40,,,,
-40728.9,446.40,,,,
-40546.1,455.90,,,,
-40346.2,415.11,,,,
-40212.8,416.10,,,,
-40101.3,429.05,,,,
-39976.8,413.88,,,,
-39736.8,458.10,,,,
-39510.9,467.20,,,,
-39419.9,464.67,,,,
-39401,465.10,,,,
-39315.1,461.90,,,,
-39307.1,465.30,,,,
-39273,457.40,,,,
-39215.6,441.68,,,,
-39159.5,433.40,,,,
-39118.5,433.90,,,,
-39107.6,419.70,,,,
-39000.9,433.30,,,,
-38909.7,422.38,,,,
-38897.8,446.90,,,,
-38853.9,426.20,,,,
-38698.6,418.50,,,,
-38685.6,413.00,,,,
-38475,420.10,,,,
-38420.8,429.00,,,,
-38343.5,449.90,,,,
-38268.5,440.40,,,,
-38260.5,447.50,,,,
-38212.1,442.40,,,,
-38101.8,413.50,,,,
-38080.8,422.30,,,,
-38046.9,423.80,,,,
-37857.8,410.90,,,,
-37840.6,418.70,,,,
-37804,418.70,,,,
-37640.9,427.00,,,,
-37422.8,443.70,,,,
-37225.6,450.10,,,,
-37069.7,441.30,,,,
-36847.4,455.10,,,,
-36471.1,440.15,,,,
-36287.2,443.00,,,,
-36095.1,526.28,,,,
-35943.3,481.00,,,,
-35898.6,539.50,,,,
-35801.2,539.00,,,,
-35725.2,546.68,,,,
-35609,543.90,,,,
-35574.1,556.70,,,,
-35564.5,560.40,,,,
-35456.1,580.40,,,,
-35416.6,563.28,,,,
-35348.3,571.90,,,,
-35249.9,548.20,,,,
-35237.6,536.30,,,,
-35176.9,586.70,,,,
-35038.2,534.38,,,,
-34986.9,533.60,,,,
-34662.6,523.80,,,,
-34572.2,494.45,,,,
-34423.6,468.50,,,,
-34358.1,470.80,,,,
-34154.4,441.30,,,,
-34049.7,440.30,,,,
-33942.9,440.75,,,,
-33890.7,425.20,,,,
-33814.1,425.60,,,,
-33699.7,444.00,,,,
-33539.4,420.60,,,,
-33380.3,426.90,,,,
-33288.1,491.85,,,,
-33231.1,497.70,,,,
-33110.5,514.30,,,,
-32995.5,512.50,,,,
-32954.4,519.85,,,,
-32950.6,519.20,,,,
-32718.2,489.00,,,,
-32627.5,457.00,,,,
-32580.7,447.05,,,,
-32387.2,428.00,,,,
-32234.8,430.00,,,,
-32129.2,430.08,,,,
-32095.8,420.40,,,,
-31906.6,419.00,,,,
-31859.5,415.40,,,,
-31784.6,425.90,,,,
-31737.9,478.70,,,,
-31530.2,460.90,,,,
-31298.4,444.30,,,,
-31251.8,443.30,,,,
-31198.4,439.60,,,,
-31110,427.65,,,,
-31076.2,423.50,,,,
-30953.8,432.00,,,,
-30863.6,414.50,,,,
-30817.7,404.00,,,,
-30694.6,404.60,,,,
-30637.6,410.40,,,,
-30464.5,409.15,,,,
-30419.9,451.90,,,,
-30303.6,430.63,,,,
-30213,470.80,,,,
-30119.4,457.40,,,,
-29945.2,440.90,,,,
-29842.9,421.63,,,,
-29805.9,426.50,,,,
-29453.9,412.00,,,,
-29247.6,404.43,,,,
-29024.4,391.70,,,,
-28810.6,408.48,,,,
-28668.2,409.70,,,,
-28197.8,392.38,,,,
-28029.6,399.30,,,,
-27751,391.00,,,,
-27368.7,367.70,,,,
-27140.9,388.30,,,,
-26813.5,443.88,,,,
-26552,414.00,,,,
-26335.5,402.38,,,,
-26185.6,399.00,,,,
-25945.7,381.93,,,,
-25729.9,426.30,,,,
-25553.5,406.30,,,,
-25385.9,395.85,,,,
-25123.9,386.20,,,,
-24968,387.00,,,,
-24681.1,396.30,,,,
-24039.6,364.13,,,,
-23874.4,355.00,,,,
-23649.1,365.00,,,,
-23379.2,369.70,,,,
-22977.4,372.48,,,,
-22771.1,388.70,,,,
-22565.5,372.70,,,,
-22349,360.00,,,,
-22134.1,375.10,,,,
-21938.1,398.00,,,,
-21797.4,386.48,,,,
-21522.2,389.70,,,,
-21328.7,389.75,,,,
-21179.6,390.00,,,,
-20945,384.65,,,,
-20767.9,407.30,,,,
-20035.6,355.30,,,,
-19836.3,357.30,,,,
-19519.5,357.00,,,,
-19267.6,353.70,,,,
-19004.1,364.81,,,,
-18757.8,378.30,,,,
-18518.6,366.73,,,,
-18515.5,383.75,,,,
-18174.3,375.30,,,,
-18013.4,373.74,,,,
-17742.9,351.30,,,,
-17730,356.30,,,,
-17529,377.00,,,,
-17500.7,358.08,,,,
-17366.5,365.70,,,,
-16940.4,378.70,,,,
-16923.3,372.74,,,,
-16568.7,371.00,,,,
-16558,378.34,,,,
-16540.1,370.90,,,,
-16306.2,375.30,,,,
-15973.3,371.30,,,,
-15958.7,377.24,,,,
-15838.8,366.30,,,,
-15592.7,383.70,,,,
-15580.8,366.15,,,,
-15555.7,375.40,,,,
-15366.4,371.30,,,,
-15124.6,388.84,,,,
-15095.8,395.40,,,,
-14882.5,381.30,,,,
-14876.1,408.30,,,,
-14667.1,404.15,,,,
-14654.3,409.20,,,,
-14480,404.70,,,,
-14292.5,427.30,,,,
-14263.3,423.70,,,,
-14110.3,418.70,,,,
-13920,473.30,,,,
-13915.1,438.44,,,,
-13894.1,441.20,,,,
-13605,456.00,,,,
-13595.2,441.38,,,,
-13442.8,451.70,,,,
-13266.7,451.00,,,,
-13252.6,463.01,,,,
-13016.2,475.70,,,,
-12919.7,469.86,,,,
-12760.9,459.30,,,,
-12604.6,468.67,,,,
-12596.8,469.62,,,,
-12584.5,461.00,,,,
-12361.7,476.02,,,,
-12339.1,464.70,,,,
-12059.8,568.88,,,,
-12001,596.88,,,,
-11991.8,578.30,,,,
-11821.4,611.70,,,,
-11696,630.00,,,,
-11687.3,623.26,,,,
-11674.6,618.60,,,,
-11547.3,613.00,,,,
-11477.9,618.70,,,,
-11468.2,624.86,,,,
-11406.1,628.43,,,,
-11305.2,645.70,,,,
-11128.6,653.30,,,,
-11119.8,670.40,,,,
-10959.7,661.70,,,,
-10933.8,661.50,,,,
-10797.3,646.00,,,,
-10785.5,610.46,,,,
-10654.9,643.30,,,,
-10534.8,627.00,,,,
-10526.8,650.99,,,,
-10387.5,542.00,,,,
-10143.5,478.59,,,,
-10088.8,466.70,,,,
-10083,480.26,,,,
-9971.2,462.30,,,,
-9858.3,482.70,,,,
-9848.3,462.02,,,,
-9766.6,477.30,,,,
-9674.6,467.70,,,,
-9660.3,488.43,,,,
-9459.9,469.00,,,,
-9382.6,559.00,,,,
-9374.9,643.49,,,,
-9266.2,664.70,,,,
-9180.1,654.30,,,,
-9173.6,652.52,,,,
-9127.8,633.30,,,,
-9116.4,650.40,,,,
-8974.5,703.00,,,,
-8921.6,679.21,,,,
-8867.5,673.30,,,,
-8861.6,693.55,,,,
-8757.1,680.70,,,,
-8708.7,684.52,,,,
-8661.9,666.00,,,,
-8654.3,671.40,,,,
-8567.5,652.00,,,,
-8528.2,668.68,,,,
-8459,661.30,,,,
-8443.6,672.16,,,,
-8323.5,688.00,,,,
-8302.5,682.46,,,,
-8253.7,678.00,,,,
-8241.6,694.29,,,,
-8147.7,698.00,,,,
-8086.2,717.05,,,,
-8011.5,678.00,,,,
-7932.1,685.00,,,,
-7885,674.62,,,,
-7850.9,682.30,,,,
-7844.2,669.59,,,,
-7768.8,673.84,,,,
-7749.5,676.30,,,,
-7689.8,693.06,,,,
-7641.6,683.30,,,,
-7636.6,688.95,,,,
-7583,685.40,,,,
-7559.5,682.30,,,,
-7509.5,675.35,,,,
-7441.2,676.33,,,,
-7361.8,673.70,,,,
-7355,670.91,,,,
-7331.4,675.02,,,,
-7257.3,663.30,,,,
-7198.8,666.43,,,,
-7185.4,665.00,,,,
-7183.6,664.04,,,,
-7134.8,664.70,,,,
-7130.8,671.35,,,,
-7070.1,663.51,,,,
-7010.9,670.70,,,,
-6955.7,647.64,,,,
-6891.6,657.30,,,,
-6881.5,673.72,,,,
-6821.2,657.50,,,,
-6813.9,676.18,,,,
-6758.1,675.44,,,,
-6697.6,659.00,,,,
-6693.9,670.74,,,,
-6599.3,657.30,,,,
-6572.8,661.60,,,,
-6502,653.70,,,,
-6485.4,654.10,,,,
-6427.8,659.70,,,,
-6420.7,648.04,,,,
-6381,664.60,,,,
-6323.2,649.30,,,,
-6319.4,647.17,,,,
-6251.6,659.56,,,,
-6221.2,640.70,,,,
-6205.2,641.85,,,,
-6158.4,640.33,,,,
-6139.3,651.00,,,,
-6117.7,623.91,,,,
-6115.7,632.67,,,,
-6103,626.44,,,,
-6088.6,605.70,,,,
-6062.1,632.33,,,,
-6035.4,659.97,,,,
-6006.6,624.30,,,,
-5962.8,613.06,,,,
-5941.8,589.00,,,,
-5924,612.33,,,,
-5921,600.10,,,,
-5906.6,597.70,,,,
-5891.3,620.00,,,,
-5873.3,613.67,,,,
-5828.2,612.47,,,,
-5818.8,610.70,,,,
-5811.5,619.53,,,,
-5772.8,617.92,,,,
-5754,623.33,,,,
-5738.2,619.57,,,,
-5719.5,623.00,,,,
-5709.9,619.07,,,,
-5666.3,619.95,,,,
-5622.6,622.70,,,,
-5593.5,616.51,,,,
-5573.2,617.00,,,,
-5547.5,609.70,,,,
-5546.4,625.22,,,,
-5479.5,617.45,,,,
-5458.4,602.44,,,,
-5455.4,611.70,,,,
-5360.4,623.19,,,,
-5338.7,601.70,,,,
-5303.2,618.23,,,,
-5259.4,618.30,,,,
-5177.4,622.51,,,,
-5155.9,607.30,,,,
-5154.9,612.45,,,,
-5069.7,609.70,,,,
-5065.6,631.04,,,,
-5010.5,613.54,,,,
-4973.5,607.00,,,,
-4951.2,632.58,,,,
-4866.6,605.30,,,,
-4787.9,607.99,,,,
-4758.7,603.30,,,,
-4757.6,635.93,,,,
-4740.9,603.60,,,,
-4686.7,606.54,,,,
-4659.7,595.30,,,,
-4656.8,601.42,,,,
-4648.4,599.00,,,,
-4591.8,601.63,,,,
-4552.8,601.60,,,,
-4502.9,616.90,,,,
-4453.6,587.70,,,,
-4434.7,587.14,,,,
-4400.2,581.05,,,,
-4396.3,580.00,,,,
-4391.2,577.12,,,,
-4354.3,591.92,,,,
-4313.5,583.19,,,,
-4306.5,577.00,,,,
-4301.6,590.13,,,,
-4165.6,589.82,,,,
-4108,596.65,,,,
-4083,581.00,,,,
-4079,597.16,,,,
-4072,591.70,,,,
-4043.2,602.46,,,,
-4039,564.00,,,,
-3964.7,584.44,,,,
-3920.2,569.99,,,,
-3884,575.00,,,,
-3762,586.15,,,,
-3734.4,584.30,,,,
-3706.9,581.46,,,,
-3703.2,569.70,,,,
-3700.5,577.66,,,,
-3693.2,571.30,,,,
-3647.9,591.12,,,,
-3606.5,568.30,,,,
-3599.6,563.48,,,,
-3575.9,580.60,,,,
-3523.7,579.57,,,,
-3508.2,566.00,,,,
-3468.1,570.14,,,,
-3413.6,565.00,,,,
-3387.1,576.80,,,,
-3322.2,564.20,,,,
-3319.5,560.75,,,,
-3271.3,573.71,,,,
-3206.2,558.30,,,,
-3199.1,552.67,,,,
-3161.5,550.60,,,,
-3117.6,563.00,,,,
-3051.6,561.00,,,,
-2918.3,567.70,,,,
-2914.4,572.68,,,,
-2899,569.90,,,,
-2873,578.54,,,,
-2805.3,563.30,,,,
-2789.9,569.90,,,,
-2751.3,559.67,,,,
-2732.8,563.00,,,,
-2674.5,559.66,,,,
-2639.3,579.70,,,,
-2600.8,559.51,,,,
-2546,580.07,,,,
-2523.5,561.70,,,,
-2520.6,582.45,,,,
-2510.6,568.10,,,,
-2489.5,569.88,,,,
-2415.9,569.70,,,,
-2406.8,583.99,,,,
-2375.4,579.02,,,,
-2359.1,567.70,,,,
-2355.3,577.30,,,,
-2223.3,581.87,,,,
-2191.5,570.30,,,,
-2131.7,563.00,,,,
-2128.8,575.70,,,,
-2044.1,567.70,,,,
-2036.2,548.93,,,,
-2014.5,575.13,,,,
-1954.7,578.39,,,,
-1941.9,573.50,,,,
-1823.2,575.87,,,,
-1746.5,580.70,,,,
-1740.3,578.00,,,,
-1663.6,577.70,,,,
-1652.3,595.67,,,,
-1622.1,574.60,,,,
-1566.9,559.54,,,,
-1556.2,569.80,,,,
-1483.1,572.70,,,,
-1409.7,589.15,,,,
-1357.6,581.30,,,,
-1260.1,567.70,,,,
-1189.2,589.46,,,,
-1156.8,576.00,,,,
-1076.2,572.70,,,,
-1048.1,581.18,,,,
-927.3,577.00,,,,
-907.1,577.02,,,,
-850.1,578.30,,,,
-843.3,579.63,,,,
-784.8,582.52,,,,
-773.6,587.90,,,,
-769.5,580.00,,,,
-766.5,590.31,,,,
-674.1,586.37,,,,
-651.8,591.70,,,,
-568.8,590.00,,,,
-564.8,603.00,,,,
-531.8,578.89,,,,
-473.6,591.70,,,,
-463.6,604.45,,,,
-438.7,592.81,,,,
-375,597.00,,,,
-371,594.11,,,,
-359.2,594.70,,,,
-324.6,597.32,,,,
-257.8,601.70,,,,
-168.9,608.70,,,,
-164.9,594.29,,,,
-154.1,590.60,,,,
-94.8,603.70,,,,
-44.6,599.23,,,,
-1.3,605.40,,,,
43,613.30,,,,
157.1,613.00,,,,
175.6,617.61,,,,
223.6,623.08,,,,
232.8,614.50,,,,
272.7,623.41,,,,
321.4,623.30,,,,
330.4,610.27,,,,
399,630.44,,,,
423.1,631.70,,,,
507.4,638.29,,,,
519.2,631.30,,,,
600.6,650.23,,,,
612.2,634.93,,,,
701.6,634.87,,,,
724.8,628.70,,,,
732.9,642.66,,,,
818.4,643.70,,,,
858.1,633.22,,,,
912.8,634.70,,,,
1003.9,636.21,,,,
1008,666.00,666,,,
1010.6,640.20,,,,
1048,677.80,677.8,,,
1053.1,647.92,,,,
1080.7,647.00,,,,
1088.7,663.97,,,,
1098,676.40,676.4,,,
1148,685.90,685.9,,,
1198,683.70,683.7,,,
1207.7,643.30,,,,
1214.1,679.50,,,,
1248,660.90,660.9,,,
1272.2,668.91,,,,
1282.2,666.70,,,,
1329,672.90,672.9,,,
1389,677.60,677.6,,,
1396.5,680.39,,,,
1411.4,667.80,,,,
1416.6,669.67,,,,
1448,681.50,681.5,,,
1467,671.40,671.4,,,
1471.9,644.30,,,,
1491.1,670.15,,,,
1501,693.00,693,,,
1529,698.90,698.9,,,
1547,680.85,,,,
1549,704.30,704.3,,,
1568.2,684.30,,,,
1572,684.80,684.8,,,
1591,665.40,665.4,,,
1605.5,651.44,,,,
1606,667.70,667.7,,,
1622,679.40,679.4,,,
1649,674.60,674.6,,,
1652.8,675.89,,,,
1681,692.00,692,,,
1691.9,679.31,,,,
1694,676.10,676.1,,,
1722,671.90,671.9,,,
1742.7,682.70,,,,
1747.9,695.65,,,,
1749,692.90,692.9,,,
1751,696.90,696.9,,,
1762,703.10,703.1,,,
1765.7,726.80,,,,
1779,714.40,714.4,,,
1796,716.90,716.9,,,
1798,728.50,728.5,,,
1798.8,710.49,,,,
1820.4,761.70,,,,
1824.3,784.47,,,,
1827,755.80,755.8,,,
1834,756.30,756.3,,,
1842,766.90,766.9,,,
1847,763.70,763.7,,,
1852,785.50,785.5,,,
1856,775.90,775.9,,,
1863,789.90,789.9,,,
1871,811.90,811.9,,,
1879,822.30,822.3,,,
1884,828.50,828.5,,,
1888,833.60,833.6,,,
1893,836.80,836.8,,,
1894,852.30,852.3,,,
1900,862.40,862.4,,,
1901,868.40,868.4,,,
1907,888.03,888.0333333,,,
1914,921.60,921.6,,,
1917,929.90,929.9,,,
1926,990.05,990.05,,,
1928,997.00,997,,,
1931,1006.40,"1,006.40",,,
1934,1023.20,"1,023.20",,,
1936,1045.20,"1,045.20",,,
1936.6,907.00,,,,
1938,1053.00,"1,053.00",,,
1940,1059.90,"1,059.90",,,
1941,1058.95,"1,058.95",,,
1942,1069.10,"1,069.10",,,
1944,1082.50,"1,082.50",,,
1946,1081.80,"1,081.80",,,
1950,1103.30,"1,103.30",,,
1955,1142.93,"1,142.93",,,
1956,1173.30,"1,173.30",,,
1957,1182.95,"1,182.95",,,
1961,1218.50,"1,218.50",,,
1964,1260.30,"1,260.30",,,
1965,1261.30,"1,261.30",,,
1967,1284.03,"1,284.03",,,
1970,1351.70,"1,351.70",,,
1971,1357.20,"1,357.20",,,
1972,1380.10,"1,380.10",,,
1973,1385.80,"1,385.80",,,
1974,1421.50,"1,421.50",,,
1975,1420.40,"1,420.40",,,
1977,1458.10,"1,458.10",,,
1980,1479.50,"1,479.50",,,
1984,1655.82,,,1655.820833,
1985,1602.61,,"1,602.61","1,668.06",
1986,1617.73,,"1,617.73","1,681.81",
1987,1631.76,,"1,631.76","1,693.10",
1988,1641.83,,"1,641.83","1,703.95",
1989,1655.48,,"1,655.48","1,717.99",
1990,1662.75,,"1,662.75","1,731.45",
1991,1673.98,,"1,673.98","1,740.96",
1992,1687.10,,"1,687.10","1,745.48",
1993,1688.87,,"1,688.87","1,748.66","1,786.67"
1994,1694.11,,"1,694.11","1,758.35","1,797.76"
1995,1700.22,,"1,700.22","1,761.94","1,798.46"
1996,1701.96,,"1,701.96","1,763.12","1,804.52"
1997,1709.09,,"1,709.09","1,772.47","1,807.10"
1998,1716.53,,"1,716.53","1,777.80","1,817.57"
1999,1726.65,,"1,726.65","1,784.73","1,820.06"
2000,1728.12,,"1,728.12","1,784.42","1,817.25"
2001,1726.76,,"1,726.76","1,785.95","1,823.45"
2002,1728.77,,"1,728.77","1,782.79",
2003,1729.38,,"1,729.38","1,791.82",
2004,1728.84,,"1,728.84","1,789.86",
2005,1728.09,,"1,728.09","1,789.36",
2006,1727.49,,"1,727.49","1,785.23",
2007,1732.94,,"1,732.94","1,794.76",
2008,1741.48,,"1,741.48","1,798.21",
2009,1743.92,,"1,743.92","1,807.34",
2010,1750.47,,"1,750.47","1,814.20",
2011,1757.90,,"1,757.90","1,816.32",
2012,1762.02,,"1,762.02","1,822.89",
2013,1765.75,,"1,765.75","1,830.75",
2014,1775.03,,"1,775.03","1,841.42",
2015,1785.85,,"1,785.85","1,851.96",
2016,1791.82,,"1,791.82","1,861.33",
2017,1798.62,,"1,798.62","1,865.50",
2018,1810.81,,"1,810.81","1,871.53",
2019,1816.61,,"1,816.61","1,882.55",
2020,1824.70,,"1,824.70","1,891.47",
2021,1841.53,,"1,841.53",,
